subset_row,source_row_zero_based,ObjektID
0,3794,7835BG015007
1,3834,7835BG015006
2,9347,7835BG015009
3,9433,7835BG015008
4,11876,7835BG013051
5,11883,7835BG013056
6,11925,7835BG013003
7,11926,7835BG013004
8,11927,7835BG013005
9,11929,7835BG013057
10,11931,7835BG013059
11,11933,7835BG013061
12,11981,7835BG013006
13,12078,7835BG012870
14,12080,7835BG012871
15,12083,7835BG012873
16,12137,7835BG013071
17,12187,7835BG013013
18,12189,7835BG013014
19,12191,7835BG013015
20,12196,7835BG012875
21,12197,7835BG012876
22,12198,7835BG012877
23,12206,7835BG013066
24,12207,7835BG013067
25,12251,7835BG013016
26,12253,7835BG013017
27,12952,7835BG012909
28,12972,7835BG012958
29,13161,7835BG012915
30,13163,7835BG012916
31,13166,7835BG012919
32,13167,7835BG012920
33,13204,7835BG012921
34,13208,7835BG012924
35,13405,7835BG012881
36,13406,7835BG012882
37,13408,7835BG012883
38,13411,7835BG012886
39,13414,7835BG012925
40,13415,7835BG012926
41,13416,7835BG012927
42,13417,7835BG012928
43,13455,7835BG012888
44,13456,7835BG012889
45,13458,7835BG012892
46,13459,7835BG012893
47,13460,7835BG012894
48,13465,7835BG013079
49,13466,7835BG013081
50,13473,7835BG013120
51,13519,7835BG013082
52,13521,7835BG013083
53,13522,7835BG013084
54,13523,7835BG013085
55,13537,7835BG013128
56,13672,7835BG012896
57,13674,7835BG012897
58,13675,7835BG012898
59,13677,7835BG012899
60,13678,7835BG012900
61,13730,7835BG012902
62,13732,7835BG012903
63,13734,7835BG012904
64,13735,7835BG013087
65,13736,7835BG013088
66,13738,7835BG013089
67,13740,7835BG013090
68,13741,7835BG013091
69,13743,7835BG013093
70,13946,7835BG012907
71,13948,7835BG012908
72,13961,7835BG012951
73,13962,7835BG012952
74,13963,7835BG012953
75,14081,7835BG013353
76,14084,7835BG013354
77,14236,7835BG013360
78,14387,7835BG013367
79,14433,7835BG013370
80,14886,7835BG011386
81,14894,7835BG011393
82,14897,7835BG011395
83,14898,7835BG011396
84,16068,7835BG011955
85,16071,7835BG011956
86,16076,7835BG011958
87,16126,7835BG011959
88,16209,7835BG011986
89,16213,7835BG011987
90,16387,7835BG011967
91,16661,7835BG011974
92,16720,7835BG011379
93,16724,7835BG011381
94,16726,7835BG011382
95,16877,7835BG011975
96,16880,7835BG011976
97,16888,7835BG011979
98,16940,7835BG011980
99,17033,7835BG011904
100,17035,7835BG011905
101,17081,7835BG012472
102,17083,7835BG012473
103,17092,7835BG011908
104,17093,7835BG011909
105,17096,7835BG012003
106,17101,7835BG011930
107,17103,7835BG011931
108,17106,7835BG011932
109,17108,7835BG011933
110,17112,7835BG011934
111,17114,7835BG012029
112,17117,7835BG012341
113,17119,7835BG012342
114,17137,7835BG012476
115,17139,7835BG012477
116,17152,7835BG012007
117,17154,7835BG012008
118,17156,7835BG012009
119,17166,7835BG012030
120,17169,7835BG012031
121,17175,7835BG012033
122,17213,7835BG012224
123,17215,7835BG012225
124,17269,7835BG012381
125,17271,7835BG012382
126,17289,7835BG011910
127,17317,7835BG012197
128,17319,7835BG012198
129,17326,7835BG012226
130,17328,7835BG012227
131,17368,7835BG011939
132,17371,7835BG011941
133,17372,7835BG011942
134,17391,7835BG011989
135,17395,7835BG011990
136,17410,7835BG012013
137,17412,7835BG012014
138,17547,7835BG011916
139,17549,7835BG011917
140,17567,7835BG012202
141,17571,7835BG012204
142,17574,7835BG012205
143,17577,7835BG012207
144,17584,7835BG011892
145,17586,7835BG011893
146,17588,7835BG011894
147,17596,7835BG011992
148,17598,7835BG011993
149,17612,7835BG012017
150,17616,7835BG011943
151,17619,7835BG011944
152,17622,7835BG011945
153,17626,7835BG011947
154,17628,7835BG011948
155,17656,7835BG011996
156,17666,7835BG012018
157,17669,7835BG012019
158,17672,7835BG012020
159,17685,7835BG012042
160,17689,7835BG012044
161,17693,7835BG012045
162,17705,7835BG012463
163,17788,7835BG011896
164,17791,7835BG011897
165,17793,7835BG011898
166,17845,7835BG011899
167,17854,7835BG011997
168,17858,7835BG011998
169,17872,7835BG012022
170,17874,7835BG012023
171,17876,7835BG011949
172,17879,7835BG011950
173,17884,7835BG011952
174,17886,7835BG011953
175,17889,7835BG011954
176,17902,7835BG012464
177,17905,7835BG012465
178,17909,7835BG012000
179,17912,7835BG012001
180,17915,7835BG012002
181,17924,7835BG012024
182,17927,7835BG012025
183,17934,7835BG012028
184,17959,7835BG012468
185,17960,7835BG012469
186,18125,7835BG012397
187,18128,7835BG012398
188,18171,7835BG012847
189,18183,7835BG010387
190,18205,7835BG012116
191,18206,7835BG012117
192,18207,7835BG012560
193,18208,7835BG012561
194,18260,7835BG012119
195,18262,7835BG012120
196,18344,7835BG012301
197,18345,7835BG012302
198,18346,7835BG012303
199,18348,7835BG012305
200,18350,7835BG012306
201,18354,7835BG012309
202,18356,7835BG012311
203,18358,7835BG012312
204,18424,7835BG012848
205,18426,7835BG012849
206,18427,7835BG012850
207,18432,7835BG012852
208,18434,7835BG012853
209,18436,7835BG012854
210,18531,7835BG012131
211,18532,7835BG012132
212,18533,7835BG012133
213,18535,7835BG012134
214,18537,7835BG012136
215,18586,7835BG012383
216,18603,7835BG012313
217,18605,7835BG012314
218,18633,7835BG012385
219,18636,7835BG012386
220,18638,7835BG012387
221,18641,7835BG012388
222,18690,7835BG012862
223,18692,7835BG012864
224,18693,7835BG012865
225,18694,7835BG012866
226,18704,7835BG012489
227,18706,7835BG012490
228,18709,7835BG012491
229,18727,7835BG012541
230,18728,7835BG012542
231,18730,7835BG012543
232,18732,7835BG012544
233,18765,7835BG010373
234,18798,7835BG012145
235,18801,7835BG012147
236,18821,7835BG012324
237,18851,7835BG012389
238,18882,7835BG012337
239,18883,7835BG012339
240,18884,7835BG012340
241,18904,7835BG012391
242,18906,7835BG012392
243,18913,7835BG012394
244,18934,7835BG012441
245,18936,7835BG012442
246,18937,7835BG012443
247,18943,7835BG012446
248,18952,7835BG012869
249,19031,7835BG010380
250,19054,7835BG012148
251,19115,7835BG010600
252,19117,7835BG010601
253,19120,7835BG010603
254,19169,7835BG010604
255,19173,7835BG010606
256,19174,7835BG010607
257,19353,7835BG010614
258,19354,7835BG010615
259,19359,7835BG010618
260,19362,7835BG010619
261,19431,7835BG010610
262,19432,7835BG010611
263,19434,7835BG010612
264,19493,7835BG010394
265,19494,7835BG010395
266,19495,7835BG010396
267,19762,7835BG010401
268,19883,7835BG010882
269,19885,7835BG010883
270,20166,7835BG010641
271,20168,7835BG010642
272,20169,7835BG010643
273,20171,7835BG010645
274,20179,7835BG010683
275,20180,7835BG010684
276,20192,7835BG011118
277,20197,7835BG011120
278,20229,7835BG010648
279,20231,7835BG010649
280,20233,7835BG010650
281,20346,7835BG010998
282,20417,7835BG011123
283,20450,7835BG010652
284,20451,7835BG010653
285,20453,7835BG010654
286,20473,7835BG011124
287,20475,7835BG011125
288,20478,7835BG011127
289,20479,7835BG011128
290,20496,7835BG010656
291,20499,7835BG010658
292,20697,7835BG010620
293,20710,7835BG010660
294,20712,7835BG010661
295,20747,7835BG010622
296,20751,7835BG010623
297,20756,7835BG010625
298,20758,7835BG010626
299,20764,7835BG010662
300,20767,7835BG010664
301,20770,7835BG010665
302,20773,7835BG010667
303,20793,7835BG010824
304,20849,7835BG010832
305,20963,7835BG010629
306,20966,7835BG010630
307,20980,7835BG010669
308,20981,7835BG010671
309,20983,7835BG010672
310,21018,7835BG010631
311,21020,7835BG010633
312,21021,7835BG010634
313,21025,7835BG010635
314,21027,7835BG010639
315,21035,7835BG010673
316,21037,7835BG010675
317,21038,7835BG010676
318,21039,7835BG010677
319,21043,7835BG010680
320,21044,7835BG010682
321,21055,7835BG010836
322,21077,7835BG010886
323,21099,7835BG010799
324,21132,7835BG010890
325,21136,7835BG010891
326,21137,7835BG010893
327,21186,7835BG010989
328,21188,7835BG010990
329,21194,7835BG010994
330,21196,7835BG010995
331,21197,7835BG010997
332,21219,7835BG009076
333,21222,7835BG009077
334,21223,7835BG009078
335,21224,7835BG009080
336,21334,7835BG009250
337,21335,7835BG009251
338,21337,7835BG009253
339,21338,7835BG009254
340,21339,7835BG009255
341,21364,7835BG010957
342,21373,7835BG010963
343,21374,7835BG010964
344,21383,7835BG010966
345,21398,7835BG009257
346,21399,7835BG009258
347,21400,7835BG009260
348,21402,7835BG009261
349,21410,7835BG008556
350,21454,7835BG011103
351,21460,7835BG011105
352,21492,7835BG008621
353,21496,7835BG008623
354,21551,7835BG009091
355,21553,7835BG009095
356,21555,7835BG009097
357,21556,7835BG009098
358,21602,7835BG009262
359,21604,7835BG009264
360,21606,7835BG009265
361,21607,7835BG009269
362,21608,7835BG009270
363,21610,7835BG009272
364,21665,7835BG009273
365,21666,7835BG009274
366,21667,7835BG009276
367,21683,7835BG011048
368,21726,7835BG011109
369,21864,7835BG009277
370,21865,7835BG009280
371,21866,7835BG009281
372,21868,7835BG009283
373,21907,7835BG011091
374,21918,7835BG010983
375,21923,7835BG010985
376,21927,7835BG009285
377,21928,7835BG009287
378,21930,7835BG009288
379,21951,7835BG011061
380,21954,7835BG011062
381,21956,7835BG011064
382,21958,7835BG011066
383,21960,7835BG011068
384,21989,7835BG011112
385,21995,7835BG011116
386,22002,7835BG008587
387,22004,7835BG008589
388,22120,7835BG009242
389,22174,7835BG009245
390,22175,7835BG009246
391,22176,7835BG009247
392,22177,7835BG009249
393,22187,7835BG008591
394,22188,7835BG008593
395,22189,7835BG008594
396,22190,7835BG008596
397,22191,7835BG008597
398,22192,7835BG008598
399,22193,7835BG008600
400,22194,7835BG008601
401,22195,7835BG008602
402,22196,7835BG008607
403,22231,7835BG011098
404,22278,7835BG009614
405,22298,7835BG009146
406,22300,7835BG009147
407,22332,7835BG008734
408,22334,7835BG008736
409,22371,7835BG008667
410,22372,7835BG008668
411,22373,7835BG008669
412,22387,7835BG008738
413,22464,7835BG009203
414,22465,7835BG009204
415,22466,7835BG009205
416,22469,7835BG009207
417,22471,7835BG009208
418,22472,7835BG009209
419,22520,7835BG009148
420,22521,7835BG009150
421,22522,7835BG009151
422,22525,7835BG009152
423,22594,7835BG009465
424,22717,7835BG008626
425,22718,7835BG008627
426,22719,7835BG008628
427,22721,7835BG008630
428,22723,7835BG008631
429,22725,7835BG008632
430,22748,7835BG009161
431,22750,7835BG009162
432,22752,7835BG009163
433,22761,7835BG009218
434,22763,7835BG009219
435,22765,7835BG009220
436,22769,7835BG009222
437,22770,7835BG009223
438,22803,7835BG009099
439,22806,7835BG009101
440,22807,7835BG009102
441,22808,7835BG009103
442,22812,7835BG009165
443,22813,7835BG009166
444,22815,7835BG009167
445,22817,7835BG009169
446,22821,7835BG009171
447,22824,7835BG009173
448,22865,7835BG009105
449,22867,7835BG009108
450,22868,7835BG009109
451,22870,7835BG009110
452,22873,7835BG011364
453,22874,7835BG011365
454,22876,7835BG011367
455,22884,7835BG008502
456,22889,7835BG008504
457,22892,7835BG008505
458,22951,7835BG008634
459,22952,7835BG008635
460,22954,7835BG008636
461,22955,7835BG008638
462,22957,7835BG008639
463,22959,7835BG008641
464,22961,7835BG008642
465,22991,7835BG009224
466,23013,7835BG008643
467,23015,7835BG008645
468,23016,7835BG008646
469,23018,7835BG008647
470,23024,7835BG008893
471,23025,7835BG008894
472,23027,7835BG008895
473,23047,7835BG009174
474,23049,7835BG009176
475,23050,7835BG009177
476,23051,7835BG009178
477,23054,7835BG009228
478,23056,7835BG009230
479,23059,7835BG009231
480,23060,7835BG009232
481,23071,7835BG009291
482,23073,7835BG009292
483,23104,7835BG009121
484,23112,7835BG009189
485,23113,7835BG009190
486,23118,7835BG008506
487,23160,7835BG009123
488,23161,7835BG009124
489,23162,7835BG009125
490,23163,7835BG009127
491,23241,7835BG008649
492,23244,7835BG008650
493,23246,7835BG008653
494,23247,7835BG008654
495,23251,7835BG008656
496,23252,7835BG008657
497,23255,7835BG008661
498,23310,7835BG008663
499,23312,7835BG008664
500,23338,7835BG009192
501,23339,7835BG009193
502,23340,7835BG009195
503,23341,7835BG009196
504,23342,7835BG009197
505,23383,7835BG009128
506,23384,7835BG009129
507,23385,7835BG009131
508,23386,7835BG009132
509,23387,7835BG009136
510,23388,7835BG009137
511,23390,7835BG009139
512,23396,7835BG009144
513,23397,7835BG009199
514,23399,7835BG009200
515,23401,7835BG009201
516,23465,7835BG010159
517,23467,7835BG010160
518,23469,7835BG010162
519,23471,7835BG010163
520,23474,7835BG009788
521,23526,7835BG010164
522,23552,7835BG009492
523,23582,7835BG010132
524,23583,7835BG010133
525,23584,7835BG010134
526,23588,7835BG010136
527,23589,7835BG010137
528,23593,7835BG010138
529,23611,7835BG009497
530,23677,7835BG010169
531,23801,7835BG010140
532,23802,7835BG010170
533,23804,7835BG010171
534,23808,7835BG010173
535,23810,7835BG010174
536,23811,7835BG010175
537,23813,7835BG010177
538,23815,7835BG010179
539,23823,7835BG009502
540,23861,7835BG010141
541,23867,7835BG010143
542,23888,7835BG009470
543,24047,7835BG009511
544,24050,7835BG009513
545,24088,7835BG010144
546,24089,7835BG010145
547,24104,7835BG009474
548,24108,7835BG009517
549,24111,7835BG009520
550,24136,7835BG010117
551,24146,7835BG010149
552,24192,7835BG010118
553,24193,7835BG010119
554,24329,7835BG009524
555,24363,7835BG010151
556,24364,7835BG010152
557,24385,7835BG009484
558,24388,7835BG009528
559,24410,7835BG010121
560,24411,7835BG010122
561,24413,7835BG010123
562,24414,7835BG010125
563,24415,7835BG010126
564,24418,7835BG010153
565,24422,7835BG010155
566,24465,7835BG010128
567,24466,7835BG010129
568,24467,7835BG010130
569,24572,7835BG007661
570,24574,7835BG007663
571,24575,7835BG007664
572,24576,7835BG007665
573,24579,7835BG007667
574,24580,7835BG007668
575,24581,7835BG007670
576,24582,7835BG007671
577,24583,7835BG007672
578,24584,7835BG007674
579,24798,7835BG007750
580,24800,7835BG007752
581,24801,7835BG007753
582,25020,7835BG010181
583,25021,7835BG010182
584,25079,7835BG010188
585,25080,7835BG010189
586,25081,7835BG010190
587,25085,7835BG010192
588,25248,7835BG007780
589,25250,7835BG007781
590,25278,7835BG010193
591,25279,7835BG010194
592,25298,7835BG007782
593,25329,7835BG010197
594,25503,7835BG007791
595,25504,7835BG007792
596,25671,7835BG007839
597,25673,7835BG007840
598,25708,7835BG008111
599,25767,7835BG008112
600,26371,7835BG007738
601,26585,7835BG007740
602,26589,7835BG007742
603,26592,7835BG007743
604,26594,7835BG007745
605,26596,7835BG007746
606,26599,7835BG007748
607,26627,7835BG007837
608,26650,7835BG007749
609,27149,7835BG007849
610,27355,7835BG008189
611,27525,7835BG008108
612,30753,7835BG017223
613,41724,7835BG007778
614,41725,7835BG007779
615,41744,7835BG007783
616,41890,7835BG007838
617,41891,7835BG007841
618,41893,7835BG007848
619,42016,7835BG007858
620,42200,7835BG008892
621,42221,7835BG010424
622,42295,7835BG007741
623,42296,7835BG007744
624,42297,7835BG007747
625,42298,7835BG007751
626,42332,7835BG009079
627,42336,7835BG009092
628,42337,7835BG009093
629,42338,7835BG009094
630,42339,7835BG009096
631,42340,7835BG009100
632,42343,7835BG009745
633,42347,7835BG010602
634,42349,7835BG010605
635,42350,7835BG010609
636,42351,7835BG010613
637,42352,7835BG010621
638,42353,7835BG010624
639,42354,7835BG010628
640,42355,7835BG010632
641,42413,7835BG008588
642,42447,7835BG009759
643,42450,7835BG009770
644,42455,7835BG008592
645,42456,7835BG009229
646,42457,7835BG009233
647,42460,7835BG009244
648,42461,7835BG009248
649,42462,7835BG009252
650,42463,7835BG009256
651,42464,7835BG009259
652,42465,7835BG009263
653,42466,7835BG009266
654,42467,7835BG009267
655,42468,7835BG009268
656,42522,7835BG010114
657,42558,7835BG010636
658,42560,7835BG010638
659,42561,7835BG010640
660,42562,7835BG010644
661,42563,7835BG010647
662,42564,7835BG010651
663,42565,7835BG010655
664,42566,7835BG010659
665,42567,7835BG010666
666,42568,7835BG010670
667,42569,7835BG010674
668,42619,7835BG008595
669,42620,7835BG008599
670,42621,7835BG008603
671,42622,7835BG008604
672,42623,7835BG008605
673,42624,7835BG008606
674,42625,7835BG008608
675,42629,7835BG008622
676,42630,7835BG008625
677,42631,7835BG008629
678,42632,7835BG008633
679,42633,7835BG008637
680,42670,7835BG008640
681,42671,7835BG009271
682,42672,7835BG009275
683,42673,7835BG009278
684,42674,7835BG009282
685,42675,7835BG009286
686,42676,7835BG009290
687,42686,7835BG009475
688,42687,7835BG009483
689,42688,7835BG010124
690,42690,7835BG010127
691,42693,7835BG010135
692,42695,7835BG010146
693,42696,7835BG010150
694,42697,7835BG010154
695,42699,7835BG010156
696,42742,7835BG010157
697,42743,7835BG010158
698,42744,7835BG010161
699,42775,7835BG007662
700,42797,7835BG008644
701,42798,7835BG008648
702,42799,7835BG008652
703,42842,7835BG008655
704,42843,7835BG008658
705,42844,7835BG008659
706,42845,7835BG008660
707,42846,7835BG008662
708,42847,7835BG008666
709,42868,7835BG009661
710,42875,7835BG009681
711,42906,7835BG009519
712,42910,7835BG010165
713,42911,7835BG010168
714,42912,7835BG010172
715,42914,7835BG010180
716,42915,7835BG010183
717,42916,7835BG010191
718,42931,7835BG010378
719,42932,7835BG010379
720,42938,7835BG007666
721,42939,7835BG007669
722,42940,7835BG007673
723,43042,7835BG008884
724,43171,7835BG010988
725,43172,7835BG010991
726,43173,7835BG010992
727,43174,7835BG010993
728,43175,7835BG010996
729,43176,7835BG010999
730,43177,7835BG011003
731,43204,7835BG011414
732,43205,7835BG011415
733,43236,7835BG012090
734,43238,7835BG012101
735,43267,7835BG012444
736,43271,7835BG011895
737,43317,7835BG012470
738,43318,7835BG012471
739,43349,7835BG012851
740,43403,7835BG011041
741,43404,7835BG011042
742,43418,7835BG009104
743,43419,7835BG009107
744,43446,7835BG010885
745,43457,7835BG011067
746,43466,7835BG011935
747,43469,7835BG009122
748,43470,7835BG009126
749,43471,7835BG009130
750,43472,7835BG009133
751,43473,7835BG009134
752,43474,7835BG009135
753,43475,7835BG009138
754,43478,7835BG009789
755,43486,7835BG012304
756,43487,7835BG012310
757,43501,7835BG011940
758,43502,7835BG011946
759,43503,7835BG011957
760,43504,7835BG011960
761,43505,7835BG011961
762,43527,7835BG012328
763,43530,7835BG013058
764,43532,7835BG013069
765,43533,7835BG013070
766,43575,7835BG013080
767,43576,7835BG013086
768,43596,7835BG010887
769,43597,7835BG010888
770,43600,7835BG010896
771,43621,7835BG011101
772,43634,7835BG009145
773,43635,7835BG009149
774,43636,7835BG009153
775,43638,7835BG009160
776,43662,7835BG011107
777,43665,7835BG011119
778,43667,7835BG011126
779,43675,7835BG011988
780,43676,7835BG009164
781,43677,7835BG009168
782,43678,7835BG009172
783,43679,7835BG009175
784,43680,7835BG009179
785,43681,7835BG009180
786,43682,7835BG009181
787,43693,7835BG012338
788,43713,7835BG011999
789,43715,7835BG012010
790,43716,7835BG012015
791,43717,7835BG012016
792,43718,7835BG012021
793,43736,7835BG010522
794,43740,7835BG012384
795,43749,7835BG013129
796,43750,7835BG012545
797,43765,7835BG013355
798,43766,7835BG013358
799,43789,7835BG008500
800,43790,7835BG008501
801,43836,7835BG008503
802,43845,7835BG009191
803,43846,7835BG009194
804,43847,7835BG009198
805,43862,7835BG010962
806,43863,7835BG010965
807,43886,7835BG012026
808,43887,7835BG012032
809,43888,7835BG009202
810,43889,7835BG009206
811,43890,7835BG009210
812,43893,7835BG009221
813,43894,7835BG009225
814,43895,7835BG009226
815,43896,7835BG009227
816,43904,7835BG012390
817,43922,7835BG012043
818,44118,7835BG012118
819,44136,7835BG012135
820,44138,7835BG012146
821,44142,7835BG012863
822,44143,7835BG012868
823,44144,7835BG012874
824,44173,7835BG012884
825,44174,7835BG012885
826,44176,7835BG012895
827,44275,7835BG012195
828,44276,7835BG012196
829,44277,7835BG012901
830,44278,7835BG012906
831,44280,7835BG012918
832,44304,7835BG012923
833,44351,7835BG011360
834,44352,7835BG011361
835,44353,7835BG011362
836,44354,7835BG011363
837,44355,7835BG011366
838,44384,7835BG011380
839,44386,7835BG011387
840,44388,7835BG011394
841,44393,7835BG012206
842,44412,7835BG012223
843,44413,7835BG012228
844,47932,7835BG017258
845,48170,7835BG007557
846,48200,7835BG007561
847,48313,7835BG001711
848,48314,7835BG001714
849,48527,7835BG000753
850,48573,7835BG000784
851,48605,7835BG002083
852,48608,7835BG002093
853,48610,7835BG002099
854,48647,7835BG002929
855,48648,7835BG002933
856,48649,7835BG002934
857,48650,7835BG002935
858,48651,7835BG002936
859,48652,7835BG002939
860,48653,7835BG002942
861,48654,7835BG002946
862,48661,7835BG002970
863,48662,7835BG002974
864,48663,7835BG002978
865,48664,7835BG002981
866,48712,7835BG002985
867,48793,7835BG000805
868,48799,7835BG000825
869,48809,7835BG000859
870,48858,7835BG001846
871,48859,7835BG001850
872,48928,7835BG002989
873,48929,7835BG002993
874,48930,7835BG002996
875,48931,7835BG003000
876,48932,7835BG003004
877,48933,7835BG003005
878,48934,7835BG003006
879,49076,7835BG000930
880,49195,7835BG002816
881,49196,7835BG002820
882,49197,7835BG002823
883,49198,7835BG002827
884,49199,7835BG002831
885,49200,7835BG002835
886,49253,7835BG002839
887,49254,7835BG002842
888,49334,7835BG000656
889,49342,7835BG000686
890,49344,7835BG000693
891,49351,7835BG000941
892,49352,7835BG000942
893,49356,7835BG000953
894,49380,7835BG004200
895,49381,7835BG004204
896,49382,7835BG004207
897,49383,7835BG004211
898,49384,7835BG004215
899,49385,7835BG004219
900,49386,7835BG004223
901,49387,7835BG004226
902,49388,7835BG004230
903,49389,7835BG004234
904,49390,7835BG004238
905,49433,7835BG007130
906,49434,7835BG007134
907,49435,7835BG007138
908,49436,7835BG007141
909,49437,7835BG007142
910,49438,7835BG007143
911,49439,7835BG007144
912,49440,7835BG007147
913,49441,7835BG007150
914,49442,7835BG007154
915,49443,7835BG007158
916,49444,7835BG007162
917,49445,7835BG007166
918,49446,7835BG003912
919,49453,7835BG003940
920,49454,7835BG003943
921,49455,7835BG003947
922,49457,7835BG004249
923,49467,7835BG005323
924,49476,7835BG005357
925,49499,7835BG000218
926,49523,7835BG003950
927,49524,7835BG003953
928,49530,7835BG003970
929,49534,7835BG003974
930,49535,7835BG003977
931,49536,7835BG003980
932,49546,7835BG005359
933,49549,7835BG005366
934,49550,7835BG005370
935,49553,7835BG005382
936,49563,7835BG000219
937,49564,7835BG000223
938,49565,7835BG000226
939,49566,7835BG000230
940,49567,7835BG000233
941,49568,7835BG000237
942,49614,7835BG005091
943,49616,7835BG005099
944,49701,7835BG007169
945,49702,7835BG007173
946,49703,7835BG007177
947,49704,7835BG007181
948,49705,7835BG007185
949,49706,7835BG007189
950,49707,7835BG007193
951,49710,7835BG004322
952,49716,7835BG005385
953,49718,7835BG005393
954,49719,7835BG005397
955,49768,7835BG007196
956,49769,7835BG007200
957,49770,7835BG007204
958,49771,7835BG007207
959,49772,7835BG007208
960,49773,7835BG007209
961,49780,7835BG003990
962,49782,7835BG004001
963,49783,7835BG004004
964,49784,7835BG004007
965,49785,7835BG004011
966,49786,7835BG004014
967,49787,7835BG004018
968,49813,7835BG000240
969,49814,7835BG000244
970,49815,7835BG000247
971,49816,7835BG000251
972,49817,7835BG000254
973,49818,7835BG000258
974,49819,7835BG000261
975,49820,7835BG000265
976,49821,7835BG000268
977,49822,7835BG000271
978,49823,7835BG000275
979,49824,7835BG000278
980,49825,7835BG000282
981,49826,7835BG000285
982,49827,7835BG000287
983,49828,7835BG000288
984,49829,7835BG000289
985,49852,7835BG004024
986,49853,7835BG004027
987,49854,7835BG004031
988,49855,7835BG004034
989,49856,7835BG004038
990,49857,7835BG004041
991,49858,7835BG004044
992,49859,7835BG004045
993,49860,7835BG004046
994,49861,7835BG004047
995,49862,7835BG004048
996,49863,7835BG004051
997,49864,7835BG005103
998,49895,7835BG000290
999,49944,7835BG005144
1000,49945,7835BG005148
1001,49946,7835BG005151
1002,49947,7835BG005155
1003,49961,7835BG001081
1004,50000,7835BG002420
1005,50054,7835BG002170
1006,50055,7835BG002171
1007,50105,7835BG004054
1008,50113,7835BG004083
1009,50137,7835BG000314
1010,50162,7835BG000620
1011,50165,7835BG000630
1012,50172,7835BG000653
1013,50173,7835BG000654
1014,50174,7835BG000655
1015,50179,7835BG004102
1016,50180,7835BG004106
1017,50181,7835BG004110
1018,50214,7835BG001141
1019,50227,7835BG001411
1020,50235,7835BG001432
1021,50346,7835BG007046
1022,50347,7835BG007050
1023,50348,7835BG007054
1024,50349,7835BG007058
1025,50350,7835BG007062
1026,50390,7835BG007065
1027,50393,7835BG007077
1028,50394,7835BG007081
1029,50395,7835BG007082
1030,50396,7835BG007084
1031,50397,7835BG007088
1032,50398,7835BG007092
1033,50399,7835BG007096
1034,50400,7835BG007099
1035,50401,7835BG007103
1036,50402,7835BG007107
1037,50404,7835BG003848
1038,50405,7835BG003851
1039,50406,7835BG003854
1040,50407,7835BG003858
1041,50420,7835BG004133
1042,50421,7835BG004137
1043,50422,7835BG004141
1044,50423,7835BG004145
1045,50424,7835BG004148
1046,50425,7835BG004152
1047,50454,7835BG000399
1048,50470,7835BG003865
1049,50471,7835BG003868
1050,50472,7835BG003871
1051,50473,7835BG003875
1052,50474,7835BG003878
1053,50475,7835BG003881
1054,50486,7835BG003909
1055,50495,7835BG004174
1056,50496,7835BG004178
1057,50497,7835BG004182
1058,50498,7835BG004185
1059,50499,7835BG004189
1060,50501,7835BG004196
1061,50502,7835BG004197
1062,50503,7835BG004198
1063,50504,7835BG005244
1064,50505,7835BG005248
1065,50506,7835BG005252
1066,50507,7835BG005256
1067,50508,7835BG005259
1068,50509,7835BG005263
1069,50510,7835BG005267
1070,50511,7835BG005271
1071,50512,7835BG005275
1072,50513,7835BG005278
1073,50514,7835BG005282
1074,50580,7835BG005284
1075,50581,7835BG005285
1076,50582,7835BG005286
1077,50583,7835BG005288
1078,50584,7835BG005292
1079,50606,7835BG002248
1080,50616,7835BG002282
1081,50655,7835BG007111
1082,50656,7835BG007115
1083,50657,7835BG007119
1084,50658,7835BG007122
1085,50659,7835BG007126
1086,50699,7835BG006546
1087,50700,7835BG006550
1088,50701,7835BG006554
1089,50702,7835BG006558
1090,50703,7835BG006559
1091,50704,7835BG006560
1092,50705,7835BG006561
1093,50706,7835BG006564
1094,50707,7835BG006568
1095,50708,7835BG006571
1096,50709,7835BG006575
1097,50710,7835BG006579
1098,50742,7835BG006582
1099,50743,7835BG006586
1100,50744,7835BG006590
1101,50745,7835BG006594
1102,50916,7835BG006597
1103,50917,7835BG006601
1104,50918,7835BG006605
1105,51133,7835BG005441
1106,51134,7835BG005445
1107,51135,7835BG005449
1108,51189,7835BG006460
1109,51190,7835BG006464
1110,51191,7835BG006468
1111,51192,7835BG006471
1112,51214,7835BG003524
1113,51215,7835BG003527
1114,51216,7835BG003530
1115,51217,7835BG003534
1116,51218,7835BG003537
1117,51219,7835BG003540
1118,51220,7835BG003541
1119,51221,7835BG003542
1120,51222,7835BG003543
1121,51223,7835BG003544
1122,51262,7835BG004349
1123,51267,7835BG004368
1124,51315,7835BG004386
1125,51316,7835BG004390
1126,51317,7835BG004394
1127,51381,7835BG005516
1128,51382,7835BG006475
1129,51383,7835BG006479
1130,51384,7835BG006483
1131,51385,7835BG006486
1132,51386,7835BG006490
1133,51387,7835BG006493
1134,51388,7835BG006494
1135,51389,7835BG006495
1136,51390,7835BG006498
1137,51391,7835BG006501
1138,51392,7835BG006505
1139,51393,7835BG006509
1140,51394,7835BG006513
1141,51418,7835BG006998
1142,51419,7835BG007002
1143,51420,7835BG007005
1144,51421,7835BG007009
1145,51422,7835BG007013
1146,51423,7835BG007017
1147,51424,7835BG007019
1148,51425,7835BG007020
1149,51426,7835BG007021
1150,51427,7835BG007024
1151,51428,7835BG007028
1152,51429,7835BG007031
1153,51430,7835BG007035
1154,51431,7835BG007039
1155,51432,7835BG007043
1156,51433,7835BG006516
1157,51434,7835BG006520
1158,51435,7835BG006524
1159,51436,7835BG006528
1160,51437,7835BG006531
1161,51438,7835BG006535
1162,51439,7835BG006539
1163,51468,7835BG003603
1164,51469,7835BG003604
1165,51473,7835BG003615
1166,51474,7835BG003618
1167,51507,7835BG003622
1168,51508,7835BG003625
1169,51548,7835BG005519
1170,51549,7835BG005523
1171,51550,7835BG005527
1172,51551,7835BG005531
1173,51552,7835BG005534
1174,51556,7835BG005549
1175,51557,7835BG005553
1176,51559,7835BG005561
1177,51560,7835BG005564
1178,51981,7835BG007515
1179,52041,7835BG007530
1180,60795,7835BG015004
1181,64437,7835BG017470
1182,64799,7835BG000964
1183,64834,7835BG000651
1184,64835,7835BG000652
1185,64836,7835BG000657
1186,64848,7835BG000674
1187,64870,7835BG000816
1188,64879,7835BG001412
1189,64948,7835BG000824
1190,64954,7835BG001296
1191,64956,7835BG001298
1192,65085,7835BG000220
1193,65086,7835BG000221
1194,65087,7835BG000222
1195,65088,7835BG000224
1196,65089,7835BG000225
1197,65090,7835BG000227
1198,65091,7835BG000228
1199,65092,7835BG000229
1200,65093,7835BG000231
1201,65094,7835BG000232
1202,65095,7835BG000234
1203,65096,7835BG000235
1204,65097,7835BG000236
1205,65098,7835BG000238
1206,65099,7835BG000239
1207,65100,7835BG000241
1208,65101,7835BG000242
1209,65102,7835BG000243
1210,65126,7835BG000826
1211,65131,7835BG001438
1212,65137,7835BG001446
1213,65175,7835BG000245
1214,65176,7835BG000246
1215,65177,7835BG000248
1216,65178,7835BG000249
1217,65188,7835BG000694
1218,65189,7835BG000695
1219,65195,7835BG000703
1220,65198,7835BG000708
1221,65200,7835BG000828
1222,65203,7835BG000833
1223,65204,7835BG000834
1224,65211,7835BG000844
1225,65221,7835BG000858
1226,65244,7835BG001431
1227,65245,7835BG001433
1228,65257,7835BG001092
1229,65305,7835BG001332
1230,65410,7835BG000250
1231,65411,7835BG000252
1232,65412,7835BG000253
1233,65413,7835BG000255
1234,65414,7835BG000256
1235,65415,7835BG000257
1236,65416,7835BG000259
1237,65417,7835BG000260
1238,65418,7835BG000262
1239,65419,7835BG000263
1240,65420,7835BG000264
1241,65421,7835BG000266
1242,65422,7835BG000267
1243,65423,7835BG000269
1244,65424,7835BG000270
1245,65425,7835BG000272
1246,65426,7835BG000273
1247,65427,7835BG000274
1248,65428,7835BG000276
1249,65431,7835BG000397
1250,65432,7835BG000398
1251,65433,7835BG000400
1252,65434,7835BG000401
1253,65435,7835BG000402
1254,65446,7835BG000418
1255,65447,7835BG000419
1256,65474,7835BG000277
1257,65475,7835BG000279
1258,65476,7835BG000280
1259,65477,7835BG000281
1260,65478,7835BG000283
1261,65481,7835BG000719
1262,65483,7835BG000726
1263,65494,7835BG000742
1264,65508,7835BG000877
1265,65516,7835BG000888
1266,65543,7835BG001131
1267,65674,7835BG000284
1268,65675,7835BG000286
1269,65676,7835BG000291
1270,65723,7835BG000615
1271,65734,7835BG000629
1272,65735,7835BG000631
1273,65736,7835BG000632
1274,65737,7835BG000634
1275,65760,7835BG000773
1276,65774,7835BG000908
1277,65798,7835BG000642
1278,65810,7835BG001155
1279,65884,7835BG001516
1280,66237,7835BG001959
1281,66302,7835BG002092
1282,66377,7835BG002098
1283,66647,7835BG002814
1284,66648,7835BG002815
1285,66649,7835BG002817
1286,66650,7835BG002818
1287,66651,7835BG002819
1288,66652,7835BG002821
1289,66653,7835BG002824
1290,66665,7835BG001712
1291,66666,7835BG001713
1292,66667,7835BG001715
1293,66668,7835BG001716
1294,66685,7835BG001845
1295,66686,7835BG001847
1296,66687,7835BG001848
1297,66688,7835BG001849
1298,66806,7835BG001005
1299,66943,7835BG002825
1300,66944,7835BG002826
1301,66945,7835BG002828
1302,66946,7835BG002829
1303,66947,7835BG002830
1304,66948,7835BG002832
1305,67021,7835BG002833
1306,67022,7835BG002834
1307,67023,7835BG002836
1308,67024,7835BG002837
1309,67025,7835BG002838
1310,67026,7835BG002840
1311,67027,7835BG002841
1312,67028,7835BG002843
1313,67150,7835BG002153
1314,67188,7835BG001033
1315,67195,7835BG001043
1316,67513,7835BG002084
1317,67514,7835BG002085
1318,67515,7835BG002087
1319,67562,7835BG002281
1320,67577,7835BG004131
1321,67603,7835BG004225
1322,67604,7835BG004227
1323,67605,7835BG004228
1324,67606,7835BG004229
1325,67607,7835BG004231
1326,67608,7835BG004232
1327,67620,7835BG003847
1328,67621,7835BG003849
1329,67623,7835BG003852
1330,67632,7835BG003978
1331,67633,7835BG003979
1332,67634,7835BG003981
1333,67641,7835BG003991
1334,67642,7835BG003992
1335,67643,7835BG003993
1336,67644,7835BG003995
1337,67676,7835BG004233
1338,67677,7835BG004235
1339,67678,7835BG004236
1340,67679,7835BG004237
1341,67680,7835BG004239
1342,67681,7835BG004240
1343,67682,7835BG004242
1344,67683,7835BG004243
1345,67685,7835BG004246
1346,67686,7835BG004247
1347,67725,7835BG002990
1348,67726,7835BG002991
1349,67727,7835BG002992
1350,67728,7835BG002994
1351,67729,7835BG002995
1352,67730,7835BG002997
1353,67731,7835BG002998
1354,67732,7835BG002999
1355,67733,7835BG003001
1356,67734,7835BG003002
1357,67744,7835BG003614
1358,67745,7835BG003616
1359,67746,7835BG003617
1360,67747,7835BG003619
1361,67748,7835BG003620
1362,67749,7835BG003621
1363,67750,7835BG003623
1364,67752,7835BG003626
1365,67753,7835BG003627
1366,67795,7835BG003003
1367,67796,7835BG003007
1368,67797,7835BG003008
1369,67822,7835BG004132
1370,67823,7835BG004134
1371,67824,7835BG004135
1372,67825,7835BG004136
1373,67826,7835BG004138
1374,67827,7835BG004139
1375,67828,7835BG004140
1376,67829,7835BG004142
1377,67830,7835BG004143
1378,67831,7835BG004144
1379,67832,7835BG004146
1380,67833,7835BG004147
1381,67834,7835BG004149
1382,67835,7835BG004150
1383,67836,7835BG004151
1384,67878,7835BG003853
1385,67879,7835BG003855
1386,67880,7835BG003856
1387,67881,7835BG003857
1388,67882,7835BG003859
1389,67883,7835BG003860
1390,67884,7835BG003862
1391,67885,7835BG003863
1392,67897,7835BG003996
1393,67900,7835BG004000
1394,67901,7835BG004002
1395,67902,7835BG004003
1396,67903,7835BG004005
1397,67904,7835BG004006
1398,67908,7835BG004012
1399,67947,7835BG004248
1400,67951,7835BG003864
1401,67952,7835BG003866
1402,67953,7835BG003867
1403,67954,7835BG003869
1404,67955,7835BG003870
1405,67957,7835BG003873
1406,67958,7835BG003874
1407,67959,7835BG003876
1408,67960,7835BG003877
1409,67961,7835BG003879
1410,67962,7835BG003880
1411,67975,7835BG004013
1412,67976,7835BG004015
1413,67977,7835BG004016
1414,67978,7835BG004017
1415,67981,7835BG004022
1416,67982,7835BG004023
1417,67983,7835BG004025
1418,67984,7835BG004026
1419,68119,7835BG002926
1420,68121,7835BG002928
1421,68122,7835BG002930
1422,68123,7835BG002931
1423,68124,7835BG002932
1424,68126,7835BG002937
1425,68127,7835BG002938
1426,68128,7835BG002940
1427,68129,7835BG002941
1428,68233,7835BG003525
1429,68234,7835BG003526
1430,68235,7835BG003528
1431,68236,7835BG003529
1432,68237,7835BG003531
1433,68238,7835BG003532
1434,68239,7835BG004030
1435,68240,7835BG004032
1436,68241,7835BG004033
1437,68243,7835BG004036
1438,68244,7835BG004037
1439,68245,7835BG004039
1440,68246,7835BG004040
1441,68247,7835BG004042
1442,68248,7835BG004043
1443,68249,7835BG004049
1444,68250,7835BG004050
1445,68251,7835BG004052
1446,68252,7835BG004053
1447,68253,7835BG004055
1448,68306,7835BG003911
1449,68307,7835BG003913
1450,68325,7835BG004056
1451,68326,7835BG004057
1452,68341,7835BG004320
1453,68342,7835BG004321
1454,68343,7835BG004323
1455,68344,7835BG004324
1456,68345,7835BG004325
1457,68387,7835BG004254
1458,68402,7835BG002943
1459,68403,7835BG002944
1460,68404,7835BG002945
1461,68405,7835BG002947
1462,68406,7835BG002948
1463,68411,7835BG004328
1464,68419,7835BG004339
1465,68503,7835BG003533
1466,68504,7835BG003535
1467,68505,7835BG003536
1468,68506,7835BG003538
1469,68507,7835BG003539
1470,68607,7835BG004082
1471,68608,7835BG004084
1472,68659,7835BG003941
1473,68660,7835BG003942
1474,68661,7835BG003944
1475,68662,7835BG003945
1476,68663,7835BG003946
1477,68664,7835BG003948
1478,68665,7835BG003949
1479,68666,7835BG003951
1480,68667,7835BG003952
1481,68668,7835BG003954
1482,68669,7835BG003955
1483,68688,7835BG004096
1484,68689,7835BG004097
1485,68690,7835BG004340
1486,68692,7835BG004344
1487,68694,7835BG004347
1488,68763,7835BG002968
1489,68764,7835BG002969
1490,68765,7835BG002971
1491,68766,7835BG002972
1492,68826,7835BG002973
1493,68827,7835BG002975
1494,68828,7835BG002976
1495,68829,7835BG002977
1496,68830,7835BG002979
1497,68831,7835BG002980
1498,68832,7835BG002982
1499,68833,7835BG002983
1500,68834,7835BG002984
1501,68835,7835BG002986
1502,68836,7835BG002988
1503,68936,7835BG003968
1504,68937,7835BG003969
1505,68938,7835BG003975
1506,68939,7835BG003976
1507,68948,7835BG004099
1508,68949,7835BG004100
1509,68950,7835BG004101
1510,68951,7835BG004103
1511,68952,7835BG004104
1512,68953,7835BG004105
1513,68954,7835BG004107
1514,68955,7835BG004108
1515,68956,7835BG004109
1516,68999,7835BG005241
1517,69000,7835BG005242
1518,69001,7835BG005243
1519,69002,7835BG005245
1520,69003,7835BG005246
1521,69004,7835BG005247
1522,69005,7835BG005249
1523,69006,7835BG005250
1524,69018,7835BG005361
1525,69019,7835BG005363
1526,69022,7835BG005367
1527,69023,7835BG005368
1528,69024,7835BG005369
1529,69025,7835BG005371
1530,69027,7835BG005373
1531,69028,7835BG005375
1532,69074,7835BG005251
1533,69075,7835BG005253
1534,69076,7835BG005254
1535,69077,7835BG005255
1536,69099,7835BG004399
1537,69100,7835BG004400
1538,69230,7835BG005143
1539,69231,7835BG005145
1540,69232,7835BG005146
1541,69233,7835BG005147
1542,69234,7835BG005149
1543,69235,7835BG005150
1544,69236,7835BG005152
1545,69237,7835BG005153
1546,69238,7835BG005154
1547,69343,7835BG005257
1548,69344,7835BG005258
1549,69345,7835BG005260
1550,69346,7835BG005261
1551,69347,7835BG005262
1552,69348,7835BG005264
1553,69349,7835BG005265
1554,69350,7835BG005266
1555,69351,7835BG005268
1556,69352,7835BG005269
1557,69353,7835BG005270
1558,69354,7835BG005272
1559,69355,7835BG005273
1560,69356,7835BG005274
1561,69357,7835BG005276
1562,69358,7835BG005277
1563,69359,7835BG005279
1564,69361,7835BG005377
1565,69362,7835BG005379
1566,69365,7835BG005383
1567,69368,7835BG005387
1568,69369,7835BG005388
1569,69370,7835BG005390
1570,69374,7835BG005395
1571,69377,7835BG005399
1572,69380,7835BG005403
1573,69387,7835BG005507
1574,69389,7835BG005510
1575,69390,7835BG005511
1576,69391,7835BG005513
1577,69392,7835BG005514
1578,69393,7835BG005515
1579,69394,7835BG005517
1580,69395,7835BG005518
1581,69396,7835BG005520
1582,69397,7835BG005521
1583,69398,7835BG005522
1584,69399,7835BG005524
1585,69400,7835BG005525
1586,69401,7835BG005526
1587,69426,7835BG005280
1588,69427,7835BG005281
1589,69428,7835BG005283
1590,69429,7835BG005287
1591,69596,7835BG004175
1592,69597,7835BG004176
1593,69598,7835BG004177
1594,69600,7835BG004180
1595,69601,7835BG004181
1596,69602,7835BG004183
1597,69603,7835BG004184
1598,69670,7835BG005529
1599,69673,7835BG004190
1600,69674,7835BG004191
1601,69686,7835BG005289
1602,69687,7835BG005290
1603,69688,7835BG005291
1604,69691,7835BG005295
1605,69697,7835BG005304
1606,69702,7835BG005310
1607,69725,7835BG005530
1608,69726,7835BG005532
1609,69727,7835BG005533
1610,69728,7835BG005535
1611,69733,7835BG005541
1612,69738,7835BG005548
1613,69739,7835BG005550
1614,69740,7835BG005551
1615,69741,7835BG005552
1616,69742,7835BG005554
1617,69743,7835BG005555
1618,69765,7835BG005313
1619,69928,7835BG004199
1620,69929,7835BG004201
1621,69930,7835BG004202
1622,69931,7835BG004203
1623,69932,7835BG004205
1624,69933,7835BG004206
1625,69934,7835BG004208
1626,69935,7835BG004209
1627,69936,7835BG004210
1628,69937,7835BG004212
1629,69938,7835BG004213
1630,69939,7835BG004214
1631,69940,7835BG004216
1632,69941,7835BG004217
1633,69942,7835BG004218
1634,69996,7835BG005086
1635,69997,7835BG005087
1636,69998,7835BG005089
1637,69999,7835BG005090
1638,70000,7835BG005092
1639,70001,7835BG005093
1640,70002,7835BG005094
1641,70003,7835BG005096
1642,70004,7835BG005097
1643,70005,7835BG005098
1644,70006,7835BG005100
1645,70007,7835BG005101
1646,70010,7835BG004220
1647,70011,7835BG004221
1648,70012,7835BG004222
1649,70013,7835BG004224
1650,70028,7835BG005322
1651,70045,7835BG005442
1652,70046,7835BG005443
1653,70048,7835BG005446
1654,70050,7835BG005448
1655,70057,7835BG005458
1656,70058,7835BG005459
1657,70065,7835BG005562
1658,70108,7835BG004367
1659,70109,7835BG004369
1660,70110,7835BG004370
1661,70111,7835BG004372
1662,70112,7835BG004373
1663,70113,7835BG004374
1664,70119,7835BG004383
1665,70120,7835BG004384
1666,70121,7835BG004385
1667,70124,7835BG004389
1668,70125,7835BG004391
1669,70126,7835BG004392
1670,70194,7835BG004393
1671,70195,7835BG004395
1672,70257,7835BG005102
1673,70258,7835BG005104
1674,70348,7835BG007030
1675,70349,7835BG007032
1676,70350,7835BG007033
1677,70351,7835BG007034
1678,70352,7835BG007036
1679,70387,7835BG007159
1680,70388,7835BG007160
1681,70389,7835BG007161
1682,70390,7835BG007163
1683,70391,7835BG007164
1684,70457,7835BG007165
1685,70458,7835BG007167
1686,70459,7835BG007168
1687,70460,7835BG007170
1688,70461,7835BG007171
1689,70462,7835BG007172
1690,70463,7835BG007174
1691,70464,7835BG007175
1692,70465,7835BG007176
1693,70466,7835BG007178
1694,70467,7835BG007179
1695,70468,7835BG007180
1696,70469,7835BG007182
1697,70470,7835BG007183
1698,70471,7835BG007184
1699,70472,7835BG007186
1700,70548,7835BG006465
1701,70549,7835BG006466
1702,70550,7835BG006467
1703,70551,7835BG006469
1704,70552,7835BG006470
1705,70553,7835BG006472
1706,70560,7835BG006591
1707,70561,7835BG006592
1708,70562,7835BG006593
1709,70563,7835BG006595
1710,70564,7835BG006596
1711,70565,7835BG006598
1712,70566,7835BG006599
1713,70567,7835BG006600
1714,70568,7835BG006602
1715,70569,7835BG006603
1716,70570,7835BG006604
1717,70598,7835BG007037
1718,70599,7835BG007038
1719,70600,7835BG007040
1720,70601,7835BG007041
1721,70602,7835BG007042
1722,70603,7835BG007044
1723,70604,7835BG007045
1724,70605,7835BG007047
1725,70606,7835BG007048
1726,70607,7835BG007049
1727,70608,7835BG007051
1728,70609,7835BG007052
1729,70610,7835BG007053
1730,70611,7835BG007055
1731,70612,7835BG007056
1732,70613,7835BG007057
1733,70614,7835BG007059
1734,70615,7835BG006473
1735,70616,7835BG006474
1736,70617,7835BG006476
1737,70618,7835BG006477
1738,70619,7835BG006478
1739,70620,7835BG006480
1740,70621,7835BG006481
1741,70622,7835BG006482
1742,70623,7835BG006484
1743,70624,7835BG006485
1744,70625,7835BG006487
1745,70626,7835BG006488
1746,70627,7835BG006489
1747,70628,7835BG006491
1748,70629,7835BG006492
1749,70630,7835BG006496
1750,70637,7835BG006606
1751,70720,7835BG007187
1752,70721,7835BG007188
1753,70722,7835BG007190
1754,70723,7835BG007191
1755,70724,7835BG007192
1756,70725,7835BG007194
1757,70770,7835BG007060
1758,70771,7835BG007061
1759,70772,7835BG007063
1760,70773,7835BG007064
1761,70774,7835BG007066
1762,70792,7835BG007195
1763,70793,7835BG007197
1764,70794,7835BG007198
1765,70795,7835BG007199
1766,70796,7835BG007201
1767,70797,7835BG007202
1768,70798,7835BG007203
1769,70799,7835BG007205
1770,70800,7835BG007206
1771,70801,7835BG007210
1772,70891,7835BG006497
1773,70892,7835BG006499
1774,70893,7835BG006500
1775,70894,7835BG006502
1776,70895,7835BG006503
1777,70960,7835BG006504
1778,70961,7835BG006506
1779,70962,7835BG006507
1780,70963,7835BG006508
1781,70964,7835BG006510
1782,70965,7835BG006511
1783,70966,7835BG006512
1784,70967,7835BG006514
1785,70968,7835BG006515
1786,70969,7835BG006517
1787,70970,7835BG006518
1788,70971,7835BG006519
1789,70972,7835BG006521
1790,70973,7835BG006522
1791,70974,7835BG006523
1792,70975,7835BG006525
1793,70976,7835BG006526
1794,71229,7835BG006527
1795,71230,7835BG006529
1796,71231,7835BG006530
1797,71232,7835BG006532
1798,71233,7835BG006533
1799,71234,7835BG006534
1800,71296,7835BG006536
1801,71297,7835BG006537
1802,71298,7835BG006538
1803,71299,7835BG006540
1804,71300,7835BG006541
1805,71301,7835BG006542
1806,71302,7835BG006544
1807,71303,7835BG006545
1808,71304,7835BG006547
1809,71305,7835BG006548
1810,71306,7835BG006549
1811,71307,7835BG006551
1812,71308,7835BG006552
1813,71309,7835BG006553
1814,71310,7835BG006555
1815,71311,7835BG006556
1816,71380,7835BG007127
1817,71381,7835BG007128
1818,71382,7835BG007129
1819,71383,7835BG007131
1820,71429,7835BG006999
1821,71430,7835BG007000
1822,71431,7835BG007001
1823,71432,7835BG007003
1824,71450,7835BG007132
1825,71451,7835BG007133
1826,71452,7835BG007135
1827,71453,7835BG007136
1828,71454,7835BG007137
1829,71455,7835BG007139
1830,71456,7835BG007140
1831,71457,7835BG007145
1832,71458,7835BG007146
1833,71459,7835BG007148
1834,71460,7835BG007149
1835,71461,7835BG007151
1836,71462,7835BG007152
1837,71463,7835BG007153
1838,71464,7835BG007155
1839,71465,7835BG007156
1840,71466,7835BG007157
1841,71548,7835BG006557
1842,71549,7835BG006562
1843,71550,7835BG006563
1844,71551,7835BG006565
1845,71552,7835BG006566
1846,71553,7835BG006567
1847,71554,7835BG006569
1848,71604,7835BG006458
1849,71605,7835BG006459
1850,71606,7835BG006461
1851,71607,7835BG006462
1852,71608,7835BG006463
1853,71614,7835BG006570
1854,71615,7835BG006572
1855,71616,7835BG006573
1856,71617,7835BG006574
1857,71618,7835BG006576
1858,71619,7835BG006577
1859,71620,7835BG006578
1860,71621,7835BG006580
1861,71622,7835BG006581
1862,71623,7835BG006583
1863,71624,7835BG006584
1864,71625,7835BG006585
1865,71626,7835BG006587
1866,71627,7835BG006588
1867,71628,7835BG006589
1868,71663,7835BG007004
1869,71664,7835BG007006
1870,71665,7835BG007007
1871,71666,7835BG007008
1872,71667,7835BG007010
1873,71668,7835BG007011
1874,71669,7835BG007012
1875,71670,7835BG007014
1876,71671,7835BG007015
1877,71672,7835BG007016
1878,71673,7835BG007018
1879,71674,7835BG007022
1880,71675,7835BG007023
1881,71676,7835BG007025
1882,71677,7835BG007026
1883,71678,7835BG007027
1884,71679,7835BG007029
1885,71804,7835BG007532
1886,72127,7835BG007067
1887,72128,7835BG007068
1888,72133,7835BG007075
1889,72134,7835BG007076
1890,72135,7835BG007078
1891,72136,7835BG007079
1892,72137,7835BG007083
1893,72138,7835BG007085
1894,72139,7835BG007086
1895,72140,7835BG007087
1896,72141,7835BG007089
1897,72142,7835BG007090
1898,72143,7835BG007091
1899,72144,7835BG007093
1900,72198,7835BG007094
1901,72199,7835BG007095
1902,72200,7835BG007097
1903,72397,7835BG007098
1904,72398,7835BG007100
1905,72399,7835BG007101
1906,72400,7835BG007102
1907,72401,7835BG007104
1908,72402,7835BG007105
1909,72403,7835BG007106
1910,72404,7835BG007108
1911,72405,7835BG007109
1912,72406,7835BG007110
1913,72407,7835BG007112
1914,72408,7835BG007113
1915,72409,7835BG007114
1916,72410,7835BG007116
1917,72411,7835BG007117
1918,72412,7835BG007118
1919,72413,7835BG007120
1920,72414,7835BG007121
1921,72415,7835BG007123
1922,72468,7835BG007124
1923,72469,7835BG007125
1924,72529,7835BG007514
1925,72627,7835BG007516
1926,72686,7835BG007517
1927,72687,7835BG007518
1928,72691,7835BG007524
1929,72692,7835BG007525
1930,72696,7835BG007531
1931,74959,7835BG003994
1932,74960,7835BG004098
1933,77221,7835BG007080
1934,77261,7835BG006543
1935,77264,7835BG007526
1936,99174,7835BG007550
1937,99665,7835BG007546
1938,106599,7835BG007540
1939,110422,7835BG015971
1940,110547,7835BG015973
1941,116621,7835BG015109
1942,116629,7835BG015103
1943,116770,7835BG015125
1944,116874,7835BG015033
1945,116881,7835BG015164
1946,116883,7835BG015024
1947,116905,7835BG015240
1948,117365,7835BG015393
1949,118667,7835BG015124
1950,120322,7835BG015243
1951,120603,7835BG015081
1952,121776,7835BG015231
1953,123878,7835BG016889
1954,129816,7835BG015551
1955,130045,7835BG015462
1956,130247,7835BG015588
1957,130250,7835BG015574
1958,130523,7835BG015575
1959,130627,7835BG015576
1960,130669,7835BG015573
1961,131940,7835BG015972
1962,132800,7835BG015585
1963,132911,7835BG015578
1964,132957,7835BG015567
1965,133001,7835BG015584
1966,133002,7835BG015566
1967,133008,7835BG015586
1968,133057,7835BG015587
1969,133058,7835BG015569
1970,133097,7835BG015508
1971,133103,7835BG015580
1972,133104,7835BG015565
1973,133141,7835BG015499
1974,133982,7835BG015581
1975,134104,7835BG015577
1976,134106,7835BG015582
1977,134176,7835BG015568
1978,134179,7835BG015583
1979,135256,7835BG015976
1980,135415,7835BG008624
1981,135559,7835BG017003
1982,135608,7835BG015563
1983,135667,7835BG015564
1984,135729,7835BG015579
1985,135756,7835BG015552
1986,136075,7835BG016940
1987,136077,7835BG016942
1988,136146,7835BG015553
1989,136344,7835BG015500
1990,136654,7835BG015507
1991,136839,
1992,136886,
1993,136951,7835BG015550
1994,137368,7835BG015501
1995,137568,7835BG015464
1996,137689,7835BG015549
1997,138024,7835BG016965
1998,139103,7835BG016964
1999,140274,
2000,140277,
2001,141287,7835BG015465
2002,141357,7835BG015463
2003,142470,
2004,142478,
2005,142598,7835BG015788
2006,144233,7835BG016941
2007,146038,
2008,146742,7835BG015772
2009,146862,
2010,153583,7835BG015889
2011,153805,7835BG016165
2012,153981,7835BG015948
2013,154698,7835BG015962
2014,154837,7835BG015877
2015,154848,7835BG016885
2016,155098,7835BG016886
2017,155227,7835BG015902
2018,155231,7835BG015903
2019,155449,7835BG015954
2020,155646,7835BG015925
2021,155748,7835BG015890
2022,155895,7835BG016891
2023,156059,7835BG015893
2024,156221,7835BG015950
2025,156494,7835BG015891
2026,156548,7835BG016170
2027,156844,7835BG015885
2028,156978,7835BG016256
2029,157299,7835BG016538
2030,157352,7835BG016252
2031,157580,7835BG015892
2032,157925,7835BG015741
2033,157940,7835BG016994
2034,157998,7835BG016991
2035,158278,7835BG015886
2036,158666,7835BG015888
2037,158888,7835BG015904
2038,158890,7835BG015905
2039,158950,7835BG015956
2040,158951,7835BG015955
2041,158999,7835BG016253
2042,159186,7835BG016993
2043,159244,7835BG017002
2044,159554,7835BG015957
2045,159648,7835BG016273
2046,159720,7835BG015952
2047,160119,7835BG016251
2048,160188,7835BG016892
2049,160228,7835BG015951
2050,160653,7835BG015953
2051,160662,7835BG016294
2052,160668,7835BG016271
2053,161907,7835BG016893
2054,161982,7835BG015949
2055,162039,7835BG016537
2056,162109,7835BG016254
2057,162515,7835BG015901
2058,162756,7835BG016258
2059,162790,7835BG016888
2060,163603,7835BG016023
2061,163949,7835BG016260
2062,163951,7835BG016268
2063,163979,7835BG016887
2064,164048,7835BG016272
2065,165513,7835BG016255
2066,165605,7835BG016257
2067,165667,7835BG016894
2068,168000,7835BG016539
2069,168544,7835BG016904
2070,170044,7835BG016902
2071,170154,7835BG016753
2072,170295,7835BG016793
2073,171181,7835BG016655
2074,172574,7835BG017092
2075,172691,7835BG017004
2076,173065,7835BG016903
2077,173262,7835BG017099
2078,173736,7835BG016800
2079,174160,7835BG017180
2080,174479,7835BG017093
2081,174675,7835BG016844
2082,174688,7835BG017147
2083,175055,7835BG017107
2084,175056,7835BG017105
2085,175075,7835BG016901
2086,175127,7835BG017102
2087,175464,7835BG017114
2088,175764,7835BG017112
2089,175767,7835BG017116
2090,176303,7835BG016966
2091,178153,7835BG016992
2092,178475,7835BG017148
2093,178925,7835BG017104
2094,179455,7835BG017457
2095,180948,7835BG017101
2096,181187,7835BG017324
2097,181214,7835BG017095
2098,181273,7835BG017466
2099,181404,7835BG017323
2100,181796,7835BG017094
2101,181963,7835BG017347
2102,182157,7835BG017097
2103,182158,7835BG017096
2104,182159,7835BG017098
2105,183404,7835BG017106
2106,184735,
2107,185236,7835BG017103
2108,185914,7835BG017146
2109,186011,7835BG017348
2110,186389,7835BG017113
2111,188576,7835BG017377
2112,188591,7835BG017100
2113,189875,7835BG015115
2114,189887,7835BG009289
2115,190029,7835BG010186
2116,190227,7835BG017464
2117,190355,7835BG017471
2118,190911,7835BG017346
2119,192723,7835BG017115
2120,193269,7835BG017468
2121,193451,7835BG017463
2122,193521,7835BG017652
2123,193584,7835BG017117
2124,194035,7835BG017614
2125,194036,7835BG017613
2126,194037,7835BG017612
2127,195006,7835BG017325
2128,196399,7835BG017458
2129,196400,7835BG017459
2130,196762,
2131,197198,7835BG017651
2132,197210,
2133,197684,7835BG017793
2134,197685,7835BG017794
2135,197723,7835BG010646
2136,197729,7835BG008651
2137,198458,
2138,200150,
2139,200588,
2140,202536,7835BG017469
2141,203613,7835BG017465
2142,203990,7835BG017467
2143,204176,7835BG017653
2144,204307,
2145,204309,
2146,204310,
2147,204442,7835BG017637
2148,204776,
2149,206229,7835BG010608
2150,206443,7835BG009279
2151,206998,7835BG017638
2152,207646,7835BG010147
2153,207776,7835BG010184
2154,208085,7835BG017991
2155,208087,
2156,208088,7835BG017990
2157,208089,
2158,208090,
2159,208449,7835BG017657
2160,208450,7835BG017658
2161,209530,7835BG017585
2162,209925,7835BG017631
2163,209926,7835BG017630
2164,209927,7835BG017629
2165,209928,7835BG017628
2166,209930,7835BG017627
2167,209932,7835BG017624
2168,210055,7835BG017625
2169,210056,7835BG017626
2170,210076,7835BG010617
2171,210171,7835BG017623
2172,210172,7835BG017622
2173,210173,7835BG017620
2174,210174,7835BG017619
2175,210175,7835BG017618
2176,210176,7835BG017616
2177,210177,7835BG017617
2178,210188,7835BG010663
2179,210714,7835BG011951
2180,211051,
2181,211542,
2182,212004,7835BG010178
2183,212525,7835BG010142
2184,212528,7835BG010187
2185,212535,7835BG011063
2186,212812,
2187,213476,
2188,213769,
2189,213770,
2190,213771,
2191,213772,
2192,213774,
2193,213775,
2194,213776,
2195,213777,
2196,213778,
2197,213896,
2198,213897,
2199,213906,
2200,213907,
2201,213908,
2202,213909,
2203,213910,
2204,214513,
2205,215233,7835BG018209
2206,215234,7835BG018208
2207,215242,
2208,215246,
2209,215349,
2210,215900,
2211,216765,
2212,218064,7835BG015104
2213,218564,
2214,219924,
2215,221911,
2216,223438,7835BG018276
2217,224000,
2218,226719,
2219,226806,
2220,228826,
2221,228827,
2222,228828,
2223,228829,
2224,228830,
2225,228947,
2226,228948,
2227,228949,
2228,228950,
2229,229076,7835BG018051
2230,229077,
2231,229809,
2232,230536,
2233,233300,
2234,233522,
2235,233905,
2236,233995,7835BG018278
2237,236481,7835BG018207
2238,237450,7835BG018277
2239,239099,
2240,239100,
2241,241944,
2242,241945,
2243,243569,
2244,244441,7835BG018845
2245,244886,
2246,244887,
2247,245158,
2248,245264,
2249,246002,7835BG018886
2250,247861,7835BG007739
2251,248719,7835BG018864
2252,248810,7835BG018943
2253,249094,7835BG009106
2254,250051,
2255,250052,
2256,250053,
2257,250054,
2258,250055,
2259,250056,
2260,250057,
2261,251319,7835BG018944
2262,253943,7835BG018888
2263,253944,
2264,254517,
