xmin,ymin,occupied_100m_cells,capped_support,eligible_boreholes,all_excel_boreholes
690400.0,5334500.0,54,130,249,725
690400.0,5334400.0,53,133,261,762
690300.0,5334400.0,53,133,259,760
690300.0,5334500.0,53,129,246,722
690400.0,5334600.0,53,126,235,704
690300.0,5334600.0,53,126,233,710
690500.0,5334400.0,52,131,245,750
690300.0,5334300.0,52,130,255,777
690400.0,5334300.0,52,128,254,779
690500.0,5334500.0,52,126,231,706
690200.0,5334400.0,52,125,250,753
690200.0,5334300.0,52,125,249,774
690200.0,5334500.0,52,121,237,715
690200.0,5334600.0,52,118,224,704
690500.0,5334600.0,51,122,217,676
690100.0,5334400.0,51,121,243,758
690100.0,5334300.0,51,121,242,767
690400.0,5334700.0,51,116,214,682
690300.0,5334700.0,51,116,212,687
690200.0,5334700.0,51,109,204,683
690200.0,5334800.0,51,108,199,683
690300.0,5334200.0,50,124,241,829
690000.0,5334400.0,50,122,244,750
690000.0,5334300.0,50,122,243,750
690200.0,5334200.0,50,120,237,820
690100.0,5334200.0,50,119,236,788
690100.0,5334500.0,50,116,229,729
690400.0,5334800.0,50,114,208,673
690300.0,5334800.0,50,114,206,687
690100.0,5334600.0,50,113,216,721
690100.0,5334800.0,50,106,194,704
690500.0,5334300.0,49,122,230,763
690400.0,5334200.0,49,121,239,833
690600.0,5334400.0,49,120,202,662
690000.0,5334200.0,49,118,232,715
690000.0,5334500.0,49,117,230,727
690700.0,5334400.0,49,117,225,657
690500.0,5334700.0,49,111,195,648
690100.0,5334700.0,49,104,196,703
689900.0,5334400.0,48,114,230,737
690600.0,5334500.0,48,114,187,620
690000.0,5334600.0,48,113,216,724
689900.0,5334500.0,48,112,220,733
690700.0,5334500.0,48,111,210,610
690500.0,5334800.0,48,109,189,635
690500.0,5334200.0,47,116,216,814
689900.0,5334600.0,47,108,206,722
690700.0,5334600.0,47,107,200,567
690000.0,5334800.0,47,104,191,706
690200.0,5334900.0,47,96,183,653
690100.0,5334900.0,47,95,179,680
690600.0,5334300.0,46,112,190,675
690300.0,5334100.0,46,111,210,831
689900.0,5334300.0,46,110,224,704
690800.0,5334500.0,46,109,212,621
690800.0,5334600.0,46,108,211,594
690600.0,5334600.0,46,107,166,577
690000.0,5334700.0,46,103,195,703
689900.0,5334800.0,46,100,182,668
690800.0,5334400.0,45,111,217,651
690600.0,5334200.0,45,109,186,735
690400.0,5334100.0,45,108,208,837
690700.0,5334300.0,45,106,210,664
690200.0,5334100.0,45,106,205,787
690100.0,5334100.0,45,105,204,742
690300.0,5334900.0,45,99,187,653
689900.0,5334700.0,45,99,186,666
689900.0,5334900.0,45,92,170,656
690500.0,5334100.0,44,106,192,830
690000.0,5334100.0,44,104,201,670
690700.0,5334200.0,44,103,206,716
690000.0,5334900.0,44,93,176,684
689900.0,5334200.0,43,102,205,647
690600.0,5334100.0,43,102,175,780
689800.0,5334400.0,43,100,196,654
689800.0,5334500.0,43,99,189,666
690700.0,5334100.0,43,98,197,760
690700.0,5334700.0,43,97,188,539
689800.0,5334600.0,43,96,176,659
690600.0,5334700.0,43,96,152,550
690400.0,5334900.0,43,95,182,621
689800.0,5334800.0,43,91,157,630
689800.0,5334900.0,43,86,148,623
690800.0,5334700.0,42,99,200,574
690900.0,5334600.0,42,98,190,533
689800.0,5334700.0,42,90,161,624
690900.0,5334500.0,41,97,189,536
689800.0,5334300.0,41,96,190,615
690600.0,5334800.0,41,92,145,531
690500.0,5334900.0,41,90,163,585
689700.0,5334900.0,41,81,141,577
689900.0,5335000.0,41,80,135,506
690100.0,5335000.0,41,79,135,506
690800.0,5334300.0,40,97,196,631
690800.0,5334800.0,40,93,185,534
691000.0,5334600.0,40,93,176,476
690700.0,5334800.0,40,90,172,499
689700.0,5334800.0,40,85,149,588
689800.0,5335000.0,40,77,124,487
690900.0,5334400.0,39,96,189,540
690800.0,5334200.0,39,94,192,674
690900.0,5334700.0,39,92,184,542
690500.0,5334000.0,39,92,162,779
690400.0,5334000.0,39,91,168,776
690600.0,5334000.0,39,91,153,754
690700.0,5334000.0,39,89,177,734
689700.0,5334600.0,39,88,166,623
690000.0,5335000.0,39,78,133,520
690200.0,5335000.0,39,77,136,473
689800.0,5335100.0,39,70,105,437
689900.0,5335100.0,39,70,105,441
691000.0,5334500.0,38,90,173,472
690300.0,5334000.0,38,90,166,753
690800.0,5334100.0,38,89,183,696
691000.0,5334700.0,38,89,172,491
689900.0,5334100.0,38,88,175,610
689800.0,5334200.0,38,88,171,552
689700.0,5334500.0,38,88,170,623
689700.0,5334400.0,38,87,169,608
689700.0,5334700.0,38,83,152,585
690900.0,5334800.0,37,86,169,514
689700.0,5334300.0,37,85,165,590
690200.0,5334000.0,37,85,161,704
690100.0,5334000.0,37,84,160,659
690000.0,5334000.0,37,84,158,590
691000.0,5334800.0,37,84,158,466
690300.0,5335000.0,37,78,138,480
689700.0,5335000.0,37,71,117,455
690100.0,5335100.0,37,65,98,423
689800.0,5335200.0,37,61,80,385
689900.0,5335200.0,37,61,80,392
689600.0,5334900.0,36,70,129,478
689700.0,5335100.0,36,65,99,410
690000.0,5335100.0,36,65,97,441
690100.0,5335200.0,36,58,73,364
689900.0,5335300.0,36,58,68,347
691000.0,5334400.0,35,86,169,456
691100.0,5334600.0,35,86,167,433
690800.0,5334000.0,35,82,165,664
690400.0,5335000.0,35,76,137,462
689600.0,5334800.0,35,72,135,490
689800.0,5335300.0,35,57,67,339
690100.0,5335300.0,35,57,67,337
691100.0,5334500.0,34,84,165,427
689700.0,5334200.0,34,77,146,526
689600.0,5334600.0,34,73,149,534
690200.0,5335100.0,34,62,98,389
690000.0,5335200.0,34,56,71,382
690000.0,5335300.0,34,56,66,348
689900.0,5335400.0,34,56,64,316
690100.0,5335400.0,34,56,64,301
691100.0,5334700.0,33,82,163,452
690900.0,5334300.0,33,79,158,503
689800.0,5334100.0,33,74,141,510
690600.0,5334900.0,33,72,115,475
689600.0,5334400.0,33,71,143,534
690500.0,5335000.0,33,71,125,447
689600.0,5334700.0,33,70,138,493
690300.0,5335100.0,33,64,101,400
689700.0,5335200.0,33,55,73,358
690200.0,5335200.0,33,55,73,326
689900.0,5335500.0,33,55,63,287
690000.0,5335400.0,33,55,63,318
690100.0,5335500.0,33,55,63,276
689800.0,5335400.0,33,54,62,308
691200.0,5334600.0,32,80,158,406
691100.0,5334800.0,32,77,149,430
690900.0,5334200.0,32,76,154,540
689900.0,5334000.0,32,71,138,544
689600.0,5334500.0,32,70,142,537
689600.0,5334300.0,32,69,139,550
690000.0,5335500.0,32,54,62,290
689900.0,5335600.0,32,52,56,239
691100.0,5334400.0,31,80,161,408
691200.0,5334500.0,31,78,156,400
690900.0,5334100.0,31,71,145,560
690800.0,5334900.0,31,70,129,460
690700.0,5334900.0,31,69,119,425
690400.0,5335100.0,31,63,101,379
689600.0,5335000.0,31,59,104,384
690300.0,5335200.0,31,56,75,330
689800.0,5335500.0,31,52,60,279
690200.0,5335300.0,31,51,61,301
690000.0,5335600.0,31,51,55,243
690100.0,5335600.0,31,51,55,238
691200.0,5334700.0,30,76,154,426
691000.0,5334900.0,30,66,107,417
690500.0,5335100.0,30,61,99,374
689600.0,5335100.0,30,53,86,343
690200.0,5335400.0,30,50,58,274
689700.0,5335300.0,30,48,55,305
691200.0,5334800.0,29,71,140,405
690900.0,5334000.0,29,67,138,544
690500.0,5333900.0,29,67,116,624
690900.0,5334900.0,29,66,116,455
690400.0,5333900.0,29,66,115,611
690600.0,5333900.0,29,66,109,633
690700.0,5333900.0,29,64,126,636
689700.0,5334100.0,29,63,116,467
690000.0,5333900.0,29,62,106,422
689600.0,5334200.0,29,61,120,488
690500.0,5335200.0,29,56,80,318
690400.0,5335200.0,29,55,75,312
690300.0,5335300.0,29,51,61,304
690200.0,5335500.0,29,49,57,256
689900.0,5335700.0,29,49,53,215
691200.0,5334400.0,28,74,152,376
691300.0,5334600.0,28,68,145,369
690300.0,5333900.0,28,63,109,577
690100.0,5333900.0,28,61,107,485
689800.0,5334000.0,28,60,115,460
690500.0,5335300.0,28,52,67,299
690000.0,5335700.0,28,48,52,219
690100.0,5335700.0,28,48,52,214
689800.0,5335600.0,28,47,51,227
691300.0,5334500.0,27,66,143,361
691000.0,5334300.0,27,63,131,389
690200.0,5333900.0,27,60,106,525
690400.0,5335300.0,27,50,61,288
690300.0,5335400.0,27,47,55,272
690200.0,5335600.0,27,45,49,221
689700.0,5335400.0,27,43,48,268
689600.0,5335200.0,27,42,59,293
691300.0,5334700.0,26,64,141,386
689500.0,5334900.0,26,47,73,330
690300.0,5335500.0,26,46,54,249
691300.0,5334800.0,25,59,127,366
691100.0,5334900.0,25,59,98,384
690800.0,5333900.0,25,57,108,578
690600.0,5335000.0,25,53,79,371
689900.0,5333900.0,25,52,94,389
689700.0,5334000.0,25,51,92,420
689600.0,5334100.0,25,49,92,437
689500.0,5334300.0,25,48,75,425
689500.0,5334400.0,25,47,74,391
689500.0,5334800.0,25,47,73,332
690400.0,5335400.0,25,44,52,256
690500.0,5335400.0,25,43,51,259
690100.0,5335800.0,25,42,46,188
689900.0,5335800.0,25,41,45,183
691300.0,5334400.0,24,62,139,338
691400.0,5334600.0,24,60,133,328
691000.0,5334200.0,24,56,122,413
691000.0,5334100.0,24,54,118,446
689500.0,5334600.0,24,45,72,370
689500.0,5334200.0,24,44,67,401
690500.0,5335500.0,24,43,51,238
689800.0,5335700.0,24,43,47,194
690200.0,5335700.0,24,42,46,203
690300.0,5335600.0,24,42,46,214
690000.0,5335800.0,24,40,44,189
689700.0,5335500.0,24,38,43,233
691400.0,5334500.0,23,58,131,313
691100.0,5334300.0,23,57,123,336
691200.0,5334900.0,23,54,90,364
691000.0,5334000.0,23,53,117,444
690600.0,5335100.0,23,46,61,324
689500.0,5334500.0,23,45,72,389
689500.0,5334700.0,23,44,71,334
690600.0,5335200.0,23,44,55,295
690600.0,5335300.0,23,43,52,282
690400.0,5335500.0,23,42,50,230
690500.0,5335600.0,23,40,44,209
689600.0,5335300.0,23,33,39,232
691400.0,5334700.0,22,56,129,336
690700.0,5335000.0,22,47,72,342
691000.0,5335000.0,22,47,69,378
689800.0,5333900.0,22,44,82,320
689600.0,5334000.0,22,40,71,402
690300.0,5335700.0,22,40,44,199
689500.0,5335000.0,22,39,56,277
689400.0,5334300.0,22,39,48,382
690200.0,5335800.0,22,39,43,179
690400.0,5335600.0,22,39,43,200
689400.0,5334400.0,22,38,47,342
689500.0,5335100.0,22,36,46,263
689400.0,5334200.0,22,36,41,398
691400.0,5334400.0,21,55,128,291
691400.0,5334800.0,21,51,115,318
691100.0,5334000.0,21,49,110,356
691100.0,5334100.0,21,49,110,354
690000.0,5333800.0,21,46,86,383
691000.0,5335100.0,21,46,68,361
690800.0,5335000.0,21,45,72,385
691000.0,5335200.0,21,45,65,351
690300.0,5335800.0,21,38,42,177
689500.0,5334100.0,21,35,52,386
689400.0,5334900.0,21,35,43,254
689700.0,5335600.0,21,33,34,185
691200.0,5334300.0,20,51,114,300
691500.0,5334600.0,20,50,119,280
691100.0,5334200.0,20,48,109,315
690500.0,5333800.0,20,46,88,564
690900.0,5333900.0,20,45,92,474
690100.0,5333800.0,20,45,87,445
690300.0,5333800.0,20,45,87,537
690400.0,5333800.0,20,45,87,551
691300.0,5334900.0,20,45,80,329
690600.0,5333800.0,20,45,78,568
690900.0,5335000.0,20,44,70,399
690700.0,5333800.0,20,43,73,549
690100.0,5335900.0,20,37,41,167
690400.0,5335700.0,20,37,41,184
690500.0,5335700.0,20,37,41,189
690600.0,5335500.0,20,36,40,211
690600.0,5335600.0,20,36,40,189
689800.0,5335800.0,20,35,39,155
690600.0,5335400.0,20,35,39,241
689300.0,5334300.0,20,33,40,346
689400.0,5334100.0,20,30,33,397
689500.0,5335200.0,20,28,32,241
689600.0,5335400.0,20,28,32,195
691500.0,5334500.0,19,48,117,263
691200.0,5334000.0,19,46,107,287
691200.0,5334100.0,19,46,107,287
690200.0,5333800.0,19,44,86,486
690700.0,5335100.0,19,39,53,293
689700.0,5333900.0,19,37,63,298
690700.0,5335200.0,19,36,46,263
689900.0,5335900.0,19,35,39,153
690000.0,5335900.0,19,35,39,166
690400.0,5335800.0,19,35,39,165
690500.0,5335800.0,19,35,39,171
690600.0,5335800.0,19,35,39,157
689400.0,5334500.0,19,34,43,332
689400.0,5334800.0,19,33,41,253
689400.0,5334600.0,19,32,41,298
689300.0,5334400.0,19,31,38,298
689400.0,5335100.0,19,30,36,221
689500.0,5334000.0,19,29,39,384
689300.0,5334200.0,19,29,32,396
689400.0,5334000.0,19,27,30,410
691500.0,5334700.0,18,47,116,293
691200.0,5334200.0,18,45,106,262
690500.0,5333700.0,18,42,80,523
690100.0,5333700.0,18,41,79,426
690300.0,5333700.0,18,41,79,504
690400.0,5333700.0,18,41,79,512
690600.0,5333700.0,18,41,71,525
691100.0,5335000.0,18,41,61,353
691100.0,5335100.0,18,41,61,341
691100.0,5335200.0,18,41,61,336
690900.0,5335100.0,18,40,63,362
690000.0,5333700.0,18,39,74,363
689900.0,5333800.0,18,38,76,362
690800.0,5335100.0,18,38,54,333
690200.0,5335900.0,18,35,39,164
690300.0,5335900.0,18,35,39,169
690600.0,5335700.0,18,34,38,170
690600.0,5335900.0,18,34,38,157
690700.0,5335300.0,18,33,41,235
689400.0,5335000.0,18,30,36,221
689700.0,5335700.0,18,30,31,155
689400.0,5335200.0,18,25,29,211
689600.0,5335500.0,18,25,29,171
691500.0,5334400.0,17,45,114,242
691300.0,5334300.0,17,42,104,267
691500.0,5334800.0,17,42,102,277
690200.0,5333700.0,17,40,78,455
691400.0,5334900.0,17,40,74,287
691200.0,5335000.0,17,38,55,338
691200.0,5335100.0,17,38,55,325
691200.0,5335200.0,17,38,55,324
690700.0,5333700.0,17,36,57,494
690900.0,5335200.0,17,36,55,331
691000.0,5335300.0,17,35,50,314
690800.0,5335200.0,17,34,46,298
690400.0,5335900.0,17,33,37,166
690500.0,5335900.0,17,33,37,171
689400.0,5334700.0,17,30,39,257
690100.0,5336000.0,17,30,32,158
689200.0,5334300.0,17,29,36,316
689200.0,5334200.0,17,27,30,388
689300.0,5334000.0,17,23,24,414
689300.0,5334100.0,17,23,24,398
689500.0,5335300.0,17,22,22,192
691300.0,5334000.0,16,39,100,217
691300.0,5334100.0,16,39,100,224
691300.0,5334200.0,16,39,100,234
690800.0,5333800.0,16,34,52,491
689800.0,5333800.0,16,33,67,299
690200.0,5336000.0,16,29,31,162
690300.0,5336000.0,16,29,31,164
689600.0,5333900.0,16,28,45,319
689900.0,5336000.0,16,28,30,130
690000.0,5336000.0,16,28,30,150
690600.0,5336000.0,16,28,30,148
689200.0,5334400.0,16,27,34,267
689300.0,5334500.0,16,27,34,288
689300.0,5334900.0,16,26,32,180
689400.0,5335300.0,16,20,20,166
691400.0,5334300.0,15,38,97,228
691600.0,5334600.0,15,37,93,205
691000.0,5333900.0,15,34,79,387
691300.0,5335000.0,15,32,48,303
691100.0,5335300.0,15,32,47,304
691200.0,5335300.0,15,32,47,300
689900.0,5333700.0,15,31,64,345
690800.0,5335300.0,15,28,36,259
689100.0,5334300.0,15,27,34,287
690400.0,5336000.0,15,27,29,160
690500.0,5336000.0,15,27,29,159
689300.0,5334800.0,15,25,31,191
689300.0,5335100.0,15,25,31,163
689100.0,5334200.0,15,25,28,367
689300.0,5334600.0,15,24,31,251
690700.0,5335500.0,15,24,27,166
690700.0,5335600.0,15,24,27,157
690700.0,5335800.0,15,24,27,138
690700.0,5335900.0,15,24,27,134
689200.0,5334000.0,15,21,22,404
689200.0,5334100.0,15,21,22,390
689400.0,5333900.0,15,21,22,392
689500.0,5335400.0,15,20,20,160
689600.0,5335600.0,15,20,20,139
691600.0,5334700.0,14,36,92,228
691400.0,5334100.0,14,35,93,183
691400.0,5334200.0,14,35,93,194
691600.0,5334500.0,14,35,91,184
691600.0,5334800.0,14,34,84,222
691500.0,5334900.0,14,33,63,247
691100.0,5333900.0,14,31,73,304
691300.0,5335100.0,14,31,47,288
691300.0,5335200.0,14,31,47,291
690900.0,5335300.0,14,29,44,291
689800.0,5335900.0,14,29,33,122
690800.0,5333700.0,14,28,37,442
689700.0,5333800.0,14,27,49,277
689100.0,5334400.0,14,25,32,230
689300.0,5335000.0,14,24,30,164
690600.0,5336100.0,14,24,26,163
690700.0,5335700.0,14,23,26,143
690700.0,5335400.0,14,22,25,189
689700.0,5335800.0,14,22,23,124
690700.0,5336000.0,14,21,23,129
689300.0,5335200.0,14,20,24,154
689300.0,5333900.0,14,20,21,413
689500.0,5333900.0,14,20,21,349
689400.0,5335400.0,14,18,18,135
689400.0,5335500.0,14,18,18,122
689500.0,5335500.0,14,18,18,139
691400.0,5334000.0,13,34,92,160
691200.0,5333900.0,13,30,72,240
690100.0,5333600.0,13,28,55,398
690300.0,5333600.0,13,28,55,455
690400.0,5333600.0,13,28,55,463
691300.0,5335300.0,13,28,43,277
691400.0,5335000.0,13,28,43,264
689800.0,5333700.0,13,26,55,289
689200.0,5334500.0,13,23,30,256
690100.0,5336100.0,13,23,25,170
690200.0,5336100.0,13,23,25,176
689300.0,5334700.0,13,22,29,202
690700.0,5336100.0,13,20,22,149
689100.0,5334000.0,13,19,20,380
689100.0,5334100.0,13,19,20,368
689200.0,5333900.0,13,19,20,410
689400.0,5333800.0,13,19,20,401
689600.0,5335700.0,13,18,18,115
691600.0,5334400.0,12,32,88,168
691500.0,5334300.0,12,31,90,186
691600.0,5334900.0,12,28,55,209
690200.0,5333600.0,12,27,54,409
690500.0,5333600.0,12,27,54,465
690600.0,5333600.0,12,27,54,469
691400.0,5335100.0,12,27,42,251
691400.0,5335200.0,12,27,42,253
690000.0,5333600.0,12,25,49,353
690900.0,5333800.0,12,25,39,395
689100.0,5334500.0,12,22,29,215
690300.0,5336100.0,12,22,24,176
690400.0,5336100.0,12,22,24,174
690500.0,5336100.0,12,22,24,174
689700.0,5333700.0,12,21,38,276
689600.0,5333800.0,12,21,34,306
689900.0,5336100.0,12,21,23,115
690000.0,5336100.0,12,21,23,161
689200.0,5334600.0,12,20,27,220
689000.0,5334300.0,12,20,25,251
689000.0,5334200.0,12,18,19,342
689200.0,5333800.0,12,18,19,414
689300.0,5333800.0,12,18,19,412
689400.0,5333700.0,12,16,16,433
689400.0,5335600.0,12,16,16,103
689500.0,5335600.0,12,16,16,115
689300.0,5335300.0,12,15,15,110
691500.0,5334100.0,11,28,86,148
691500.0,5334200.0,11,28,86,158
691300.0,5333900.0,11,26,68,174
690700.0,5333600.0,11,24,43,442
691400.0,5335300.0,11,24,38,238
691500.0,5335000.0,11,24,35,223
689800.0,5336000.0,11,22,24,99
689200.0,5334900.0,11,20,26,144
689200.0,5335100.0,11,20,26,135
689100.0,5334600.0,11,19,26,176
689000.0,5334400.0,11,18,23,190
690600.0,5336200.0,11,18,20,158
690700.0,5336200.0,11,17,19,150
689100.0,5333800.0,11,17,18,395
689100.0,5333900.0,11,17,18,387
689500.0,5333800.0,11,16,17,354
689000.0,5334000.0,11,15,15,361
689000.0,5334100.0,11,15,15,348
689200.0,5333700.0,11,15,15,448
689300.0,5333700.0,11,15,15,446
689400.0,5335700.0,11,15,15,81
689500.0,5335700.0,11,15,15,93
689300.0,5335400.0,11,14,14,87
689300.0,5335500.0,11,14,14,75
691500.0,5334000.0,10,27,85,129
691500.0,5335100.0,10,23,34,214
691500.0,5335200.0,10,23,34,217
691600.0,5335000.0,10,22,33,192
690100.0,5333500.0,10,20,33,351
690300.0,5333500.0,10,20,33,407
690400.0,5333500.0,10,20,33,410
689200.0,5334800.0,10,19,25,156
689200.0,5335000.0,10,19,25,135
690900.0,5333700.0,10,19,24,352
689600.0,5333700.0,10,15,23,316
688900.0,5334000.0,10,14,14,307
688900.0,5334100.0,10,14,14,294
688900.0,5334200.0,10,14,14,283
689100.0,5333700.0,10,14,14,419
690700.0,5336300.0,10,14,14,141
689300.0,5335600.0,10,13,13,61
689500.0,5333700.0,10,13,13,381
691400.0,5333900.0,9,22,61,122
691700.0,5334800.0,9,22,42,146
691600.0,5335100.0,9,21,32,184
691600.0,5335200.0,9,21,32,188
691500.0,5335300.0,9,20,30,201
690200.0,5333500.0,9,19,32,362
690500.0,5333500.0,9,19,32,403
690600.0,5333500.0,9,19,32,401
690700.0,5333500.0,9,19,32,386
689900.0,5333600.0,9,18,40,300
690800.0,5333600.0,9,18,25,392
690000.0,5333500.0,9,17,27,311
689200.0,5334700.0,9,17,24,166
689100.0,5334900.0,9,16,22,96
689900.0,5336200.0,9,16,18,96
690000.0,5336200.0,9,16,18,145
690100.0,5336200.0,9,16,18,152
690200.0,5336200.0,9,16,18,158
690300.0,5336200.0,9,16,18,163
690400.0,5336200.0,9,16,18,163
690500.0,5336200.0,9,16,18,166
689000.0,5334500.0,9,15,20,171
689200.0,5335200.0,9,14,18,121
688900.0,5334300.0,9,13,13,179
689000.0,5333700.0,9,13,13,405
689000.0,5333800.0,9,13,13,375
689000.0,5333900.0,9,13,13,367
689400.0,5333600.0,9,13,13,436
690600.0,5336300.0,9,13,13,139
689300.0,5335700.0,9,12,12,50
690800.0,5335400.0,9,12,12,185
691000.0,5335400.0,9,12,12,235
690700.0,5336400.0,9,11,11,156
690800.0,5335800.0,9,11,11,122
690800.0,5335900.0,9,11,11,119
690800.0,5336000.0,9,11,11,117
690800.0,5336100.0,9,11,11,137
689600.0,5335800.0,9,10,10,93
691700.0,5334600.0,8,21,41,115
691700.0,5334700.0,8,21,41,137
691600.0,5334300.0,8,20,66,119
691700.0,5334900.0,8,19,38,153
691600.0,5335300.0,8,18,28,178
689800.0,5333600.0,8,16,36,270
691000.0,5333800.0,8,16,28,318
689100.0,5334700.0,8,16,23,120
690800.0,5333500.0,8,16,23,349
689700.0,5335900.0,8,16,17,94
689100.0,5334800.0,8,15,21,110
689700.0,5333600.0,8,13,21,256
688900.0,5332700.0,8,13,15,458
688900.0,5332800.0,8,13,15,457
688900.0,5332900.0,8,13,15,446
688900.0,5333000.0,8,13,15,417
688900.0,5333300.0,8,13,15,403
689000.0,5332700.0,8,13,15,496
689000.0,5332800.0,8,13,15,498
689000.0,5332900.0,8,13,15,489
689000.0,5333000.0,8,13,15,461
689000.0,5333300.0,8,13,15,449
689100.0,5332700.0,8,13,15,530
689100.0,5332800.0,8,13,15,533
689100.0,5332900.0,8,13,15,527
689100.0,5333000.0,8,13,15,503
689100.0,5333300.0,8,13,15,490
689400.0,5332500.0,8,13,15,490
689400.0,5332600.0,8,13,15,520
689400.0,5333300.0,8,13,15,508
689000.0,5334600.0,8,12,17,127
689500.0,5332500.0,8,12,14,487
689500.0,5332600.0,8,12,14,520
688900.0,5333600.0,8,12,12,360
688900.0,5333700.0,8,12,12,349
688900.0,5333800.0,8,12,12,319
688900.0,5333900.0,8,12,12,313
689000.0,5333600.0,8,12,12,378
689100.0,5333600.0,8,12,12,410
689200.0,5333600.0,8,12,12,453
689300.0,5333600.0,8,12,12,453
689200.0,5335300.0,8,11,11,85
689500.0,5333600.0,8,11,11,386
688800.0,5334000.0,8,10,10,271
688800.0,5334100.0,8,10,10,256
688800.0,5334200.0,8,10,10,242
690600.0,5336400.0,8,10,10,155
690800.0,5335500.0,8,10,10,149
690800.0,5335600.0,8,10,10,137
690800.0,5335700.0,8,10,10,118
691000.0,5335500.0,8,10,10,201
689400.0,5335800.0,8,9,9,65
689500.0,5335800.0,8,9,9,76
690800.0,5336200.0,8,9,9,139
690800.0,5336300.0,8,9,9,134
690800.0,5336400.0,8,8,8,151
691300.0,5336300.0,8,8,8,145
691300.0,5336400.0,8,8,8,136
691400.0,5336300.0,8,8,8,154
691400.0,5336400.0,8,8,8,145
691500.0,5336300.0,8,8,8,160
691500.0,5336400.0,8,8,8,151
691700.0,5334500.0,7,19,39,97
691500.0,5333900.0,7,18,57,97
691600.0,5334100.0,7,17,62,89
691600.0,5334200.0,7,17,62,98
691700.0,5335000.0,7,16,27,149
691700.0,5335100.0,7,16,27,148
691700.0,5335200.0,7,16,27,155
689800.0,5336100.0,7,15,17,85
689100.0,5335000.0,7,14,20,86
689100.0,5335100.0,7,14,20,83
691100.0,5333800.0,7,13,22,236
691200.0,5333800.0,7,13,22,175
688800.0,5332700.0,7,12,14,412
688800.0,5332800.0,7,12,14,408
688800.0,5332900.0,7,12,14,396
688800.0,5333000.0,7,12,14,371
688800.0,5333300.0,7,12,14,360
688900.0,5332500.0,7,12,14,501
688900.0,5332600.0,7,12,14,476
688900.0,5333100.0,7,12,14,384
688900.0,5333200.0,7,12,14,356
689000.0,5332500.0,7,12,14,501
689000.0,5332600.0,7,12,14,515
689000.0,5333100.0,7,12,14,428
689000.0,5333200.0,7,12,14,400
689100.0,5332500.0,7,12,14,501
689100.0,5332600.0,7,12,14,527
689100.0,5333100.0,7,12,14,470
689100.0,5333200.0,7,12,14,442
689200.0,5332500.0,7,12,14,492
689200.0,5332600.0,7,12,14,524
689200.0,5332700.0,7,12,14,545
689200.0,5332800.0,7,12,14,564
689200.0,5332900.0,7,12,14,559
689200.0,5333000.0,7,12,14,540
689200.0,5333100.0,7,12,14,511
689200.0,5333200.0,7,12,14,481
689200.0,5333300.0,7,12,14,527
689300.0,5332500.0,7,12,14,487
689300.0,5332600.0,7,12,14,518
689300.0,5332700.0,7,12,14,541
689300.0,5332800.0,7,12,14,561
689300.0,5332900.0,7,12,14,559
689300.0,5333000.0,7,12,14,541
689300.0,5333100.0,7,12,14,520
689300.0,5333200.0,7,12,14,490
689300.0,5333300.0,7,12,14,525
689400.0,5332700.0,7,12,14,538
689400.0,5332800.0,7,12,14,555
689400.0,5332900.0,7,12,14,564
689400.0,5333000.0,7,12,14,546
689400.0,5333100.0,7,12,14,525
689400.0,5333200.0,7,12,14,501
689000.0,5334900.0,7,11,16,52
690300.0,5333400.0,7,11,15,341
690400.0,5333400.0,7,11,15,339
689500.0,5332700.0,7,11,13,536
689500.0,5332800.0,7,11,13,542
689500.0,5332900.0,7,11,13,553
689500.0,5333000.0,7,11,13,540
689500.0,5333100.0,7,11,13,521
689500.0,5333200.0,7,11,13,493
689500.0,5333300.0,7,10,12,462
688900.0,5334400.0,7,10,10,112
689200.0,5335400.0,7,10,10,63
689200.0,5335500.0,7,10,10,52
689600.0,5333600.0,7,10,10,300
688800.0,5334300.0,7,9,9,136
689400.0,5333500.0,7,9,9,467
689500.0,5333500.0,7,9,9,425
690900.0,5335400.0,7,9,9,207
691100.0,5335400.0,7,9,9,240
691200.0,5335400.0,7,9,9,237
692200.0,5336900.0,7,9,9,123
688900.0,5333400.0,7,8,8,402
689000.0,5333400.0,7,8,8,450
689100.0,5333400.0,7,8,8,490
689400.0,5333400.0,7,8,8,508
689500.0,5333400.0,7,8,8,465
692100.0,5336900.0,7,8,8,142
691200.0,5336300.0,7,7,7,136
691200.0,5336400.0,7,7,7,123
691300.0,5336100.0,7,7,7,153
691300.0,5336200.0,7,7,7,152
691400.0,5336100.0,7,7,7,160
691400.0,5336200.0,7,7,7,160
691500.0,5336100.0,7,7,7,164
691500.0,5336200.0,7,7,7,162
692100.0,5336800.0,7,7,7,145
691700.0,5334400.0,6,18,38,88
691600.0,5334000.0,6,16,61,71
691700.0,5335300.0,6,13,23,152
689400.0,5332400.0,6,13,15,505
691300.0,5333800.0,6,12,21,115
690900.0,5333500.0,6,12,17,305
690900.0,5333600.0,6,12,17,325
689500.0,5332400.0,6,12,14,503
689700.0,5336000.0,6,12,12,74
688800.0,5332500.0,6,11,13,465
688800.0,5332600.0,6,11,13,435
688800.0,5333100.0,6,11,13,338
688800.0,5333200.0,6,11,13,309
689500.0,5332300.0,6,11,11,518
689900.0,5333500.0,6,10,18,282
689000.0,5334700.0,6,10,15,74
689000.0,5334800.0,6,10,15,65
690100.0,5333400.0,6,10,14,292
690200.0,5333400.0,6,10,14,301
690500.0,5333400.0,6,10,14,328
690600.0,5333400.0,6,10,14,318
690700.0,5333400.0,6,10,14,303
690800.0,5333400.0,6,10,14,277
691000.0,5333700.0,6,10,13,278
689400.0,5331700.0,6,10,10,451
689400.0,5331800.0,6,10,10,473
689400.0,5331900.0,6,10,10,486
689400.0,5332300.0,6,10,10,520
689900.0,5336300.0,6,10,10,64
690000.0,5336300.0,6,10,10,117
690100.0,5336300.0,6,10,10,124
690200.0,5336300.0,6,10,10,129
690300.0,5336300.0,6,10,10,137
690400.0,5336300.0,6,10,10,139
690500.0,5336300.0,6,10,10,139
689600.0,5332500.0,6,9,11,465
689600.0,5332600.0,6,9,11,474
689700.0,5332500.0,6,9,11,172
689700.0,5332600.0,6,9,11,224
689200.0,5335600.0,6,9,9,38
689200.0,5335700.0,6,9,9,32
688800.0,5333600.0,6,8,8,323
688800.0,5333700.0,6,8,8,315
688800.0,5333800.0,6,8,8,286
688800.0,5333900.0,6,8,8,278
688900.0,5333500.0,6,8,8,366
689000.0,5333500.0,6,8,8,410
689100.0,5333500.0,6,8,8,448
689200.0,5333500.0,6,8,8,489
689300.0,5333500.0,6,8,8,487
689600.0,5333500.0,6,8,8,319
689700.0,5333500.0,6,8,8,263
691300.0,5335400.0,6,8,8,220
692200.0,5337000.0,6,8,8,113
692200.0,5337100.0,6,8,8,122
688800.0,5333400.0,6,7,7,358
689200.0,5333400.0,6,7,7,528
689300.0,5333400.0,6,7,7,526
691000.0,5335600.0,6,7,7,177
691100.0,5335500.0,6,7,7,213
691200.0,5335500.0,6,7,7,212
692200.0,5336800.0,6,7,7,120
689300.0,5335800.0,6,6,6,41
690600.0,5336500.0,6,6,6,175
690700.0,5336500.0,6,6,6,174
690800.0,5336500.0,6,6,6,176
691000.0,5336400.0,6,6,6,51
691200.0,5336000.0,6,6,6,154
691200.0,5336100.0,6,6,6,146
691200.0,5336200.0,6,6,6,145
691300.0,5336000.0,6,6,6,158
691300.0,5336500.0,6,6,6,123
691300.0,5336600.0,6,6,6,119
691300.0,5336700.0,6,6,6,115
691400.0,5336000.0,6,6,6,163
691400.0,5336500.0,6,6,6,134
691400.0,5336600.0,6,6,6,133
691400.0,5336700.0,6,6,6,134
691500.0,5336000.0,6,6,6,168
691500.0,5336500.0,6,6,6,139
691500.0,5336600.0,6,6,6,137
691500.0,5336700.0,6,6,6,137
691600.0,5336200.0,6,6,6,173
691600.0,5336300.0,6,6,6,171
691600.0,5336400.0,6,6,6,163
691800.0,5334800.0,5,12,20,55
691800.0,5334900.0,5,12,20,64
691800.0,5335000.0,5,12,20,72
691800.0,5335100.0,5,12,20,79
691800.0,5335200.0,5,12,20,92
688800.0,5332400.0,5,12,14,564
688900.0,5332400.0,5,12,14,562
689000.0,5332400.0,5,12,14,545
689100.0,5332400.0,5,12,14,521
689200.0,5332400.0,5,12,14,509
689300.0,5332400.0,5,12,14,504
691400.0,5333800.0,5,11,20,73
689600.0,5332400.0,5,10,12,489
689000.0,5335000.0,5,9,14,38
689000.0,5335100.0,5,9,14,35
690900.0,5333400.0,5,9,13,260
688700.0,5331500.0,5,9,9,580
688700.0,5331600.0,5,9,9,636
688700.0,5331700.0,5,9,9,672
688700.0,5331800.0,5,9,9,691
688700.0,5331900.0,5,9,9,704
688700.0,5332100.0,5,9,9,764
688700.0,5332200.0,5,9,9,790
688700.0,5332300.0,5,9,9,709
688800.0,5331500.0,5,9,9,578
688800.0,5331600.0,5,9,9,635
688800.0,5331700.0,5,9,9,670
688800.0,5331800.0,5,9,9,689
688800.0,5331900.0,5,9,9,701
688800.0,5332100.0,5,9,9,750
688800.0,5332200.0,5,9,9,770
688800.0,5332300.0,5,9,9,694
688900.0,5331500.0,5,9,9,570
688900.0,5331600.0,5,9,9,626
688900.0,5331700.0,5,9,9,661
688900.0,5331800.0,5,9,9,678
688900.0,5331900.0,5,9,9,688
688900.0,5332100.0,5,9,9,736
688900.0,5332200.0,5,9,9,756
688900.0,5332300.0,5,9,9,684
689400.0,5331500.0,5,9,9,372
689400.0,5331600.0,5,9,9,416
689400.0,5332000.0,5,9,9,495
689400.0,5332100.0,5,9,9,510
689400.0,5332200.0,5,9,9,528
689500.0,5331700.0,5,9,9,404
689500.0,5331800.0,5,9,9,433
689500.0,5331900.0,5,9,9,446
689800.0,5333500.0,5,8,14,262
689100.0,5335200.0,5,8,12,69
689600.0,5332700.0,5,8,10,475
689600.0,5332800.0,5,8,10,469
689600.0,5332900.0,5,8,10,475
689600.0,5333000.0,5,8,10,461
689600.0,5333100.0,5,8,10,438
689600.0,5333200.0,5,8,10,405
689700.0,5332700.0,5,8,10,268
689700.0,5332800.0,5,8,10,281
689700.0,5332900.0,5,8,10,300
689700.0,5333000.0,5,8,10,311
689700.0,5333100.0,5,8,10,319
689700.0,5333200.0,5,8,10,320
688600.0,5332700.0,5,8,8,148
688600.0,5332800.0,5,8,8,160
688600.0,5332900.0,5,8,8,159
688600.0,5333000.0,5,8,8,161
688600.0,5333300.0,5,8,8,247
688700.0,5332700.0,5,8,8,358
688700.0,5332800.0,5,8,8,351
688700.0,5332900.0,5,8,8,337
688700.0,5333000.0,5,8,8,316
688700.0,5333300.0,5,8,8,309
689600.0,5332300.0,5,8,8,462
690000.0,5333400.0,5,7,8,259
688900.0,5334500.0,5,7,7,93
690100.0,5336400.0,5,7,7,135
690200.0,5336400.0,5,7,7,139
690300.0,5336400.0,5,7,7,147
690400.0,5336400.0,5,7,7,151
690500.0,5336400.0,5,7,7,154
691100.0,5333700.0,5,7,7,199
691200.0,5333700.0,5,7,7,139
691400.0,5335400.0,5,7,7,189
692200.0,5337200.0,5,7,7,120
692200.0,5337300.0,5,7,7,122
692200.0,5337400.0,5,7,7,136
692200.0,5337500.0,5,7,7,157
692200.0,5337600.0,5,7,7,160
688700.0,5334000.0,5,6,6,225
688700.0,5334100.0,5,6,6,210
688700.0,5334200.0,5,6,6,195
688800.0,5333500.0,5,6,6,342
688800.0,5334400.0,5,6,6,69
689600.0,5333400.0,5,6,6,353
689700.0,5333400.0,5,6,6,289
690900.0,5335500.0,5,6,6,174
691000.0,5335700.0,5,6,6,141
691000.0,5335800.0,5,6,6,129
691000.0,5335900.0,5,6,6,110
691000.0,5336000.0,5,6,6,95
691000.0,5336100.0,5,6,6,85
691300.0,5335500.0,5,6,6,203
691300.0,5336900.0,5,6,6,95
691300.0,5337200.0,5,6,6,119
691300.0,5337800.0,5,6,6,113
691400.0,5335500.0,5,6,6,176
691400.0,5336900.0,5,6,6,112
691500.0,5336900.0,5,6,6,112
692000.0,5336900.0,5,6,6,141
692100.0,5337000.0,5,6,6,128
692100.0,5337100.0,5,6,6,135
692300.0,5336800.0,5,6,6,90
692300.0,5336900.0,5,6,6,89
692300.0,5337000.0,5,6,6,78
692300.0,5337100.0,5,6,6,86
692400.0,5336800.0,5,6,6,67
692400.0,5336900.0,5,6,6,66
692400.0,5337000.0,5,6,6,56
692400.0,5337100.0,5,6,6,64
690600.0,5336600.0,5,5,5,178
690700.0,5336600.0,5,5,5,178
690800.0,5336600.0,5,5,5,180
690900.0,5336400.0,5,5,5,127
691000.0,5336300.0,5,5,5,62
691100.0,5335600.0,5,5,5,194
691100.0,5336300.0,5,5,5,100
691100.0,5336400.0,5,5,5,86
691100.0,5337900.0,5,5,5,127
691200.0,5335600.0,5,5,5,194
691200.0,5335900.0,5,5,5,164
691200.0,5336500.0,5,5,5,111
691200.0,5336600.0,5,5,5,105
691200.0,5336700.0,5,5,5,95
691200.0,5337900.0,5,5,5,101
691300.0,5336800.0,5,5,5,97
691300.0,5337900.0,5,5,5,105
691400.0,5336800.0,5,5,5,115
691500.0,5336800.0,5,5,5,116
691600.0,5336000.0,5,5,5,176
691600.0,5336100.0,5,5,5,172
691700.0,5336200.0,5,5,5,169
691700.0,5336300.0,5,5,5,167
691700.0,5336400.0,5,5,5,162
691800.0,5336200.0,5,5,5,160
691800.0,5336300.0,5,5,5,161
691800.0,5336400.0,5,5,5,161
691900.0,5336200.0,5,5,5,155
691900.0,5336300.0,5,5,5,156
691900.0,5336400.0,5,5,5,157
692000.0,5336800.0,5,5,5,150
692100.0,5336700.0,5,5,5,142
691800.0,5334600.0,4,11,19,34
691800.0,5334700.0,4,11,19,48
691600.0,5333900.0,4,10,39,46
689800.0,5336200.0,4,10,12,67
691500.0,5333800.0,4,9,18,51
691800.0,5335300.0,4,9,16,94
691900.0,5334800.0,4,9,10,25
691900.0,5334900.0,4,9,10,27
691900.0,5335000.0,4,9,10,31
691900.0,5335100.0,4,9,10,40
691900.0,5335200.0,4,9,10,49
688700.0,5332400.0,4,9,9,532
688700.0,5332000.0,4,8,8,734
688800.0,5332000.0,4,8,8,730
688900.0,5332000.0,4,8,8,716
689000.0,5331500.0,4,8,8,557
689000.0,5331600.0,4,8,8,610
689000.0,5331700.0,4,8,8,643
689000.0,5331800.0,4,8,8,658
689000.0,5331900.0,4,8,8,669
689000.0,5332100.0,4,8,8,710
689000.0,5332200.0,4,8,8,731
689000.0,5332300.0,4,8,8,658
689100.0,5331500.0,4,8,8,513
689100.0,5331600.0,4,8,8,564
689100.0,5331700.0,4,8,8,597
689100.0,5331800.0,4,8,8,611
689100.0,5331900.0,4,8,8,621
689100.0,5332100.0,4,8,8,662
689100.0,5332200.0,4,8,8,685
689100.0,5332300.0,4,8,8,616
689200.0,5331500.0,4,8,8,454
689200.0,5331600.0,4,8,8,498
689200.0,5331700.0,4,8,8,529
689200.0,5331800.0,4,8,8,544
689200.0,5331900.0,4,8,8,554
689200.0,5332300.0,4,8,8,542
689300.0,5331500.0,4,8,8,414
689300.0,5331600.0,4,8,8,458
689300.0,5331700.0,4,8,8,489
689300.0,5331800.0,4,8,8,509
689300.0,5331900.0,4,8,8,519
689300.0,5332300.0,4,8,8,519
689500.0,5331500.0,4,8,8,326
689500.0,5331600.0,4,8,8,369
689500.0,5332000.0,4,8,8,454
689500.0,5332100.0,4,8,8,468
689500.0,5332200.0,4,8,8,489
689700.0,5332400.0,4,7,9,130
688600.0,5332500.0,4,7,7,124
688600.0,5332600.0,4,7,7,133
688600.0,5333100.0,4,7,7,156
688600.0,5333200.0,4,7,7,155
688700.0,5332500.0,4,7,7,414
688700.0,5332600.0,4,7,7,382
688700.0,5333100.0,4,7,7,283
688700.0,5333200.0,4,7,7,254
689000.0,5335200.0,4,6,10,26
690300.0,5333300.0,4,6,9,282
690400.0,5333300.0,4,6,9,279
690500.0,5333300.0,4,6,9,266
690600.0,5333300.0,4,6,9,251
690700.0,5333300.0,4,6,9,234
690800.0,5333300.0,4,6,9,208
690900.0,5333300.0,4,6,9,199
689600.0,5333300.0,4,6,8,357
689700.0,5333300.0,4,6,8,312
688600.0,5332100.0,4,6,6,445
688600.0,5332200.0,4,6,6,450
688600.0,5332300.0,4,6,6,352
688700.0,5331400.0,4,6,6,441
688800.0,5331400.0,4,6,6,454
688900.0,5331400.0,4,6,6,456
689400.0,5331400.0,4,6,6,298
689600.0,5331700.0,4,6,6,339
689600.0,5331800.0,4,6,6,369
689600.0,5331900.0,4,6,6,382
689900.0,5336400.0,4,6,6,48
690000.0,5336400.0,4,6,6,127
691300.0,5333700.0,4,6,6,80
691500.0,5335400.0,4,6,6,161
691600.0,5335400.0,4,6,6,144
692200.0,5337700.0,4,6,6,148
688600.0,5333600.0,4,5,5,216
688600.0,5333700.0,4,5,5,204
688600.0,5333800.0,4,5,5,185
688600.0,5333900.0,4,5,5,178
688600.0,5334000.0,4,5,5,168
688600.0,5334100.0,4,5,5,158
688600.0,5334200.0,4,5,5,149
688700.0,5333600.0,4,5,5,287
688700.0,5333700.0,4,5,5,276
688700.0,5333800.0,4,5,5,250
688700.0,5333900.0,4,5,5,238
688700.0,5334300.0,4,5,5,89
688800.0,5334500.0,4,5,5,60
689100.0,5335300.0,4,5,5,41
689400.0,5335900.0,4,5,5,36
689500.0,5335900.0,4,5,5,46
689600.0,5335900.0,4,5,5,63
689700.0,5332300.0,4,5,5,87
689800.0,5332300.0,4,5,5,78
689800.0,5332500.0,4,5,5,125
689800.0,5332600.0,4,5,5,175
689900.0,5332300.0,4,5,5,75
690000.0,5332300.0,4,5,5,72
690100.0,5332300.0,4,5,5,67
690900.0,5335600.0,4,5,5,156
690900.0,5335800.0,4,5,5,113
690900.0,5335900.0,4,5,5,100
690900.0,5336000.0,4,5,5,94
690900.0,5336100.0,4,5,5,116
691300.0,5337000.0,4,5,5,106
691300.0,5337100.0,4,5,5,122
691300.0,5337300.0,4,5,5,112
691300.0,5337400.0,4,5,5,114
691300.0,5337500.0,4,5,5,116
691300.0,5337600.0,4,5,5,117
691300.0,5337700.0,4,5,5,110
691400.0,5337000.0,4,5,5,118
691400.0,5337100.0,4,5,5,132
691400.0,5337200.0,4,5,5,126
691400.0,5337800.0,4,5,5,129
691500.0,5335500.0,4,5,5,151
691500.0,5337000.0,4,5,5,113
691600.0,5335500.0,4,5,5,146
691600.0,5336900.0,4,5,5,125
691700.0,5336900.0,4,5,5,133
691800.0,5336900.0,4,5,5,138
691900.0,5336900.0,4,5,5,137
692000.0,5337000.0,4,5,5,131
692000.0,5337100.0,4,5,5,137
692100.0,5337200.0,4,5,5,130
692100.0,5337300.0,4,5,5,126
692100.0,5337400.0,4,5,5,140
692100.0,5337500.0,4,5,5,159
692100.0,5337600.0,4,5,5,163
692300.0,5337200.0,4,5,5,85
692300.0,5337300.0,4,5,5,90
692300.0,5337400.0,4,5,5,107
692300.0,5337500.0,4,5,5,128
692300.0,5337600.0,4,5,5,133
692400.0,5337200.0,4,5,5,63
692400.0,5337300.0,4,5,5,69
692400.0,5337400.0,4,5,5,79
692400.0,5337500.0,4,5,5,87
692400.0,5337600.0,4,5,5,95
688600.0,5333400.0,4,4,4,244
688700.0,5333400.0,4,4,4,323
688900.0,5334600.0,4,4,4,59
689200.0,5335800.0,4,4,4,25
690600.0,5336700.0,4,4,4,179
690600.0,5337200.0,4,4,4,210
690700.0,5336700.0,4,4,4,179
690700.0,5337200.0,4,4,4,219
690800.0,5336700.0,4,4,4,181
690800.0,5337200.0,4,4,4,223
690900.0,5336300.0,4,4,4,110
690900.0,5336500.0,4,4,4,149
690900.0,5336600.0,4,4,4,158
690900.0,5336700.0,4,4,4,166
690900.0,5337200.0,4,4,4,226
690900.0,5337900.0,4,4,4,114
690900.0,5338000.0,4,4,4,78
691000.0,5336200.0,4,4,4,75
691000.0,5336500.0,4,4,4,51
691000.0,5336600.0,4,4,4,60
691000.0,5336700.0,4,4,4,64
691000.0,5337200.0,4,4,4,175
691000.0,5337900.0,4,4,4,123
691000.0,5338000.0,4,4,4,84
691100.0,5335700.0,4,4,4,160
691100.0,5335800.0,4,4,4,156
691100.0,5335900.0,4,4,4,145
691100.0,5336000.0,4,4,4,128
691100.0,5336100.0,4,4,4,118
691100.0,5336200.0,4,4,4,114
691100.0,5337200.0,4,4,4,140
691100.0,5337800.0,4,4,4,138
691100.0,5338000.0,4,4,4,86
691200.0,5335700.0,4,4,4,161
691200.0,5335800.0,4,4,4,166
691200.0,5336800.0,4,4,4,81
691200.0,5337200.0,4,4,4,109
691200.0,5337800.0,4,4,4,107
691200.0,5338000.0,4,4,4,84
691300.0,5335600.0,4,4,4,185
691300.0,5335900.0,4,4,4,162
691300.0,5338000.0,4,4,4,86
691400.0,5335600.0,4,4,4,159
691400.0,5335900.0,4,4,4,164
691400.0,5337900.0,4,4,4,118
691500.0,5335900.0,4,4,4,157
691600.0,5336500.0,4,4,4,152
691600.0,5336600.0,4,4,4,150
691600.0,5336700.0,4,4,4,150
691600.0,5336800.0,4,4,4,131
691700.0,5336000.0,4,4,4,170
691700.0,5336100.0,4,4,4,166
691700.0,5336500.0,4,4,4,154
691700.0,5336600.0,4,4,4,154
691700.0,5336700.0,4,4,4,159
691700.0,5336800.0,4,4,4,139
691800.0,5336000.0,4,4,4,160
691800.0,5336100.0,4,4,4,157
691800.0,5336500.0,4,4,4,153
691800.0,5336600.0,4,4,4,155
691800.0,5336700.0,4,4,4,160
691800.0,5336800.0,4,4,4,144
691900.0,5336000.0,4,4,4,152
691900.0,5336100.0,4,4,4,148
691900.0,5336500.0,4,4,4,152
691900.0,5336600.0,4,4,4,154
691900.0,5336700.0,4,4,4,161
691900.0,5336800.0,4,4,4,145
692000.0,5336200.0,4,4,4,146
692000.0,5336300.0,4,4,4,152
692000.0,5336400.0,4,4,4,155
692000.0,5336500.0,4,4,4,151
692000.0,5336600.0,4,4,4,153
692000.0,5336700.0,4,4,4,162
692100.0,5336200.0,4,4,4,100
692100.0,5336300.0,4,4,4,107
692100.0,5336400.0,4,4,4,112
692100.0,5336500.0,4,4,4,115
692100.0,5336600.0,4,4,4,125
691700.0,5334300.0,3,9,19,47
691800.0,5334400.0,3,9,17,22
691800.0,5334500.0,3,9,17,24
691900.0,5334600.0,3,8,9,16
691900.0,5334700.0,3,8,9,24
689000.0,5332000.0,3,7,7,694
689100.0,5332000.0,3,7,7,641
689200.0,5332000.0,3,7,7,565
689200.0,5332100.0,3,7,7,585
689200.0,5332200.0,3,7,7,608
689300.0,5332000.0,3,7,7,529
689300.0,5332100.0,3,7,7,544
689300.0,5332200.0,3,7,7,567
688600.0,5332400.0,3,6,6,182
689700.0,5336100.0,3,6,6,61
691900.0,5335300.0,3,6,6,53
690100.0,5333300.0,3,5,8,240
690200.0,5333300.0,3,5,8,244
691000.0,5333300.0,3,5,8,177
691000.0,5333400.0,3,5,8,204
691000.0,5333500.0,3,5,8,231
691000.0,5333600.0,3,5,8,253
688500.0,5332700.0,3,5,5,74
688500.0,5332800.0,3,5,5,75
688500.0,5332900.0,3,5,5,70
688500.0,5333000.0,3,5,5,68
688600.0,5331400.0,3,5,5,348
688600.0,5331500.0,3,5,5,419
688600.0,5331600.0,3,5,5,435
688600.0,5331700.0,3,5,5,439
688600.0,5331800.0,3,5,5,439
688600.0,5331900.0,3,5,5,438
688600.0,5332000.0,3,5,5,441
689000.0,5331400.0,3,5,5,459
689100.0,5331400.0,3,5,5,437
689200.0,5331400.0,3,5,5,381
689300.0,5331400.0,3,5,5,341
689500.0,5331400.0,3,5,5,252
689600.0,5331500.0,3,5,5,254
689600.0,5331600.0,3,5,5,300
689600.0,5332000.0,3,5,5,390
689600.0,5332100.0,3,5,5,405
689600.0,5332200.0,3,5,5,426
691400.0,5333700.0,3,5,5,44
688500.0,5333600.0,3,4,4,122
688500.0,5333700.0,3,4,4,118
688500.0,5333800.0,3,4,4,107
688500.0,5333900.0,3,4,4,106
688500.0,5334000.0,3,4,4,103
688500.0,5334100.0,3,4,4,100
688500.0,5334200.0,3,4,4,97
688500.0,5334300.0,3,4,4,16
688600.0,5334300.0,3,4,4,46
688700.0,5334400.0,3,4,4,43
688700.0,5334500.0,3,4,4,41
689100.0,5335400.0,3,4,4,29
689100.0,5335500.0,3,4,4,25
689400.0,5336000.0,3,4,4,24
689500.0,5336000.0,3,4,4,33
689600.0,5336000.0,3,4,4,47
689800.0,5332400.0,3,4,4,87
689800.0,5332700.0,3,4,4,220
689800.0,5332800.0,3,4,4,231
689800.0,5332900.0,3,4,4,249
689800.0,5333000.0,3,4,4,262
689800.0,5333100.0,3,4,4,271
689800.0,5333200.0,3,4,4,290
689900.0,5332400.0,3,4,4,84
689900.0,5332500.0,3,4,4,91
689900.0,5332600.0,3,4,4,137
690000.0,5332400.0,3,4,4,82
690000.0,5332500.0,3,4,4,86
690000.0,5332600.0,3,4,4,100
690100.0,5332400.0,3,4,4,75
690100.0,5332500.0,3,4,4,77
690100.0,5332600.0,3,4,4,84
690200.0,5332300.0,3,4,4,61
690300.0,5332300.0,3,4,4,56
690400.0,5333200.0,3,4,4,181
690900.0,5335700.0,3,4,4,122
691400.0,5337300.0,3,4,4,116
691400.0,5337400.0,3,4,4,124
691400.0,5337500.0,3,4,4,139
691400.0,5337600.0,3,4,4,136
691400.0,5337700.0,3,4,4,126
691500.0,5337100.0,3,4,4,127
691500.0,5337200.0,3,4,4,123
691600.0,5337000.0,3,4,4,120
691600.0,5337100.0,3,4,4,137
691700.0,5335400.0,3,4,4,123
691700.0,5335500.0,3,4,4,129
691700.0,5337000.0,3,4,4,126
691700.0,5337100.0,3,4,4,140
691800.0,5335500.0,3,4,4,100
691800.0,5337000.0,3,4,4,128
691800.0,5337100.0,3,4,4,139
691900.0,5335500.0,3,4,4,66
691900.0,5337000.0,3,4,4,128
691900.0,5337100.0,3,4,4,135
692000.0,5337200.0,3,4,4,130
692000.0,5337300.0,3,4,4,126
692000.0,5337400.0,3,4,4,138
692000.0,5337500.0,3,4,4,156
692000.0,5337600.0,3,4,4,159
692000.0,5337700.0,3,4,4,150
692100.0,5337700.0,3,4,4,151
692300.0,5337700.0,3,4,4,127
692400.0,5337700.0,3,4,4,92
688500.0,5332100.0,3,3,3,403
688500.0,5332200.0,3,3,3,405
688500.0,5332300.0,3,3,3,310
688600.0,5333500.0,3,3,3,233
688700.0,5333500.0,3,3,3,304
688800.0,5334600.0,3,3,3,43
688900.0,5334700.0,3,3,3,43
688900.0,5334800.0,3,3,3,37
688900.0,5334900.0,3,3,3,24
689000.0,5335300.0,3,3,3,9
689300.0,5335900.0,3,3,3,25
689800.0,5333400.0,3,3,3,280
689900.0,5333400.0,3,3,3,252
690100.0,5336500.0,3,3,3,150
690200.0,5336500.0,3,3,3,155
690300.0,5336500.0,3,3,3,166
690400.0,5336500.0,3,3,3,170
690500.0,5336500.0,3,3,3,174
690500.0,5337200.0,3,3,3,206
690500.0,5337300.0,3,3,3,204
690500.0,5337800.0,3,3,3,105
690500.0,5337900.0,3,3,3,84
690500.0,5338000.0,3,3,3,49
690600.0,5336800.0,3,3,3,184
690600.0,5336900.0,3,3,3,194
690600.0,5337000.0,3,3,3,215
690600.0,5337100.0,3,3,3,207
690600.0,5337300.0,3,3,3,208
690600.0,5337800.0,3,3,3,109
690600.0,5337900.0,3,3,3,91
690600.0,5338000.0,3,3,3,56
690700.0,5336800.0,3,3,3,186
690700.0,5336900.0,3,3,3,197
690700.0,5337000.0,3,3,3,219
690700.0,5337100.0,3,3,3,215
690700.0,5337300.0,3,3,3,217
690700.0,5337800.0,3,3,3,120
690700.0,5337900.0,3,3,3,101
690700.0,5338000.0,3,3,3,65
690800.0,5336800.0,3,3,3,185
690800.0,5336900.0,3,3,3,197
690800.0,5337000.0,3,3,3,220
690800.0,5337100.0,3,3,3,219
690800.0,5337300.0,3,3,3,221
690800.0,5337800.0,3,3,3,124
690800.0,5337900.0,3,3,3,105
690800.0,5338000.0,3,3,3,69
690900.0,5336200.0,3,3,3,115
690900.0,5336800.0,3,3,3,177
690900.0,5336900.0,3,3,3,194
690900.0,5337000.0,3,3,3,218
690900.0,5337100.0,3,3,3,221
690900.0,5337300.0,3,3,3,225
690900.0,5337800.0,3,3,3,134
690900.0,5338100.0,3,3,3,46
691000.0,5336800.0,3,3,3,78
691000.0,5336900.0,3,3,3,102
691000.0,5337000.0,3,3,3,136
691000.0,5337100.0,3,3,3,166
691000.0,5337300.0,3,3,3,179
691000.0,5337800.0,3,3,3,142
691000.0,5338100.0,3,3,3,51
691100.0,5336500.0,3,3,3,77
691100.0,5336600.0,3,3,3,73
691100.0,5336700.0,3,3,3,64
691100.0,5337000.0,3,3,3,105
691100.0,5337100.0,3,3,3,132
691100.0,5337300.0,3,3,3,144
691100.0,5337400.0,3,3,3,146
691100.0,5337500.0,3,3,3,145
691100.0,5337600.0,3,3,3,144
691100.0,5337700.0,3,3,3,142
691100.0,5338100.0,3,3,3,57
691200.0,5336900.0,3,3,3,74
691200.0,5337000.0,3,3,3,83
691200.0,5337100.0,3,3,3,104
691200.0,5337300.0,3,3,3,106
691200.0,5337400.0,3,3,3,109
691200.0,5337500.0,3,3,3,109
691200.0,5337600.0,3,3,3,111
691200.0,5337700.0,3,3,3,110
691200.0,5338100.0,3,3,3,60
691300.0,5335700.0,3,3,3,155
691300.0,5335800.0,3,3,3,161
691300.0,5338100.0,3,3,3,66
691400.0,5335700.0,3,3,3,142
691400.0,5335800.0,3,3,3,154
691400.0,5338000.0,3,3,3,103
691500.0,5335600.0,3,3,3,139
691500.0,5335700.0,3,3,3,126
691500.0,5335800.0,3,3,3,141
691600.0,5335600.0,3,3,3,135
691600.0,5335700.0,3,3,3,123
691600.0,5335900.0,3,3,3,158
692000.0,5336000.0,3,3,3,131
692000.0,5336100.0,3,3,3,133
692100.0,5336000.0,3,3,3,89
692100.0,5336100.0,3,3,3,91
692200.0,5336700.0,3,3,3,105
691700.0,5334000.0,2,6,15,16
691700.0,5334100.0,2,6,15,27
691700.0,5334200.0,2,6,15,33
691900.0,5334400.0,2,6,7,7
691900.0,5334500.0,2,6,7,9
689800.0,5336300.0,2,5,5,35
691600.0,5333800.0,2,4,10,17
688500.0,5332400.0,2,4,4,164
688500.0,5332500.0,2,4,4,90
688500.0,5332600.0,2,4,4,73
688500.0,5333100.0,2,4,4,58
688500.0,5333200.0,2,4,4,53
688500.0,5333300.0,2,4,4,127
688500.0,5334400.0,2,3,3,13
688500.0,5334500.0,2,3,3,13
688600.0,5334400.0,2,3,3,32
688600.0,5334500.0,2,3,3,30
689100.0,5335600.0,2,3,3,15
689100.0,5335700.0,2,3,3,14
689900.0,5332700.0,2,3,3,177
689900.0,5332800.0,2,3,3,186
689900.0,5332900.0,2,3,3,203
689900.0,5333000.0,2,3,3,219
689900.0,5333100.0,2,3,3,224
689900.0,5333200.0,2,3,3,246
690000.0,5332700.0,2,3,3,140
690000.0,5332800.0,2,3,3,146
690000.0,5332900.0,2,3,3,162
690000.0,5333000.0,2,3,3,179
690000.0,5333100.0,2,3,3,184
690000.0,5333200.0,2,3,3,208
690100.0,5332700.0,2,3,3,104
690100.0,5332800.0,2,3,3,109
690100.0,5332900.0,2,3,3,125
690100.0,5333000.0,2,3,3,140
690100.0,5333100.0,2,3,3,145
690100.0,5333200.0,2,3,3,172
690200.0,5332400.0,2,3,3,68
690200.0,5332500.0,2,3,3,70
690200.0,5332600.0,2,3,3,77
690300.0,5332400.0,2,3,3,64
690300.0,5332500.0,2,3,3,66
690300.0,5332600.0,2,3,3,73
690300.0,5333200.0,2,3,3,182
690400.0,5333100.0,2,3,3,98
691500.0,5333700.0,2,3,3,24
691500.0,5337300.0,2,3,3,115
691500.0,5337400.0,2,3,3,123
691500.0,5337500.0,2,3,3,139
691500.0,5337600.0,2,3,3,137
691500.0,5337700.0,2,3,3,128
691500.0,5337800.0,2,3,3,129
691600.0,5337200.0,2,3,3,130
691600.0,5337300.0,2,3,3,122
691600.0,5337400.0,2,3,3,131
691600.0,5337500.0,2,3,3,146
691600.0,5337600.0,2,3,3,145
691600.0,5337700.0,2,3,3,136
691600.0,5337800.0,2,3,3,138
691700.0,5337200.0,2,3,3,134
691700.0,5337300.0,2,3,3,128
691700.0,5337400.0,2,3,3,137
691700.0,5337500.0,2,3,3,150
691700.0,5337600.0,2,3,3,146
691700.0,5337700.0,2,3,3,134
691700.0,5337800.0,2,3,3,138
691800.0,5335400.0,2,3,3,87
691800.0,5337200.0,2,3,3,134
691800.0,5337300.0,2,3,3,130
691800.0,5337400.0,2,3,3,142
691800.0,5337500.0,2,3,3,155
691800.0,5337600.0,2,3,3,152
691800.0,5337700.0,2,3,3,141
691800.0,5337800.0,2,3,3,146
691900.0,5335400.0,2,3,3,56
691900.0,5337200.0,2,3,3,129
691900.0,5337300.0,2,3,3,126
691900.0,5337400.0,2,3,3,137
691900.0,5337500.0,2,3,3,155
691900.0,5337600.0,2,3,3,155
691900.0,5337700.0,2,3,3,145
691900.0,5337800.0,2,3,3,150
692000.0,5337800.0,2,3,3,151
688300.0,5332100.0,2,2,2,314
688300.0,5332200.0,2,2,2,310
688300.0,5332300.0,2,2,2,290
688300.0,5332700.0,2,2,2,39
688300.0,5332800.0,2,2,2,36
688300.0,5332900.0,2,2,2,32
688300.0,5333000.0,2,2,2,30
688400.0,5332100.0,2,2,2,363
688400.0,5332200.0,2,2,2,364
688400.0,5332300.0,2,2,2,303
688400.0,5332700.0,2,2,2,54
688400.0,5332800.0,2,2,2,51
688400.0,5332900.0,2,2,2,47
688400.0,5333000.0,2,2,2,45
688500.0,5331400.0,2,2,2,297
688500.0,5331500.0,2,2,2,375
688500.0,5331600.0,2,2,2,395
688500.0,5331700.0,2,2,2,402
688500.0,5331800.0,2,2,2,402
688500.0,5331900.0,2,2,2,400
688500.0,5332000.0,2,2,2,402
688500.0,5333400.0,2,2,2,122
688500.0,5333500.0,2,2,2,118
688700.0,5334600.0,2,2,2,25
688800.0,5334700.0,2,2,2,29
688800.0,5334800.0,2,2,2,25
688800.0,5334900.0,2,2,2,15
689000.0,5335400.0,2,2,2,2
689000.0,5335500.0,2,2,2,2
689200.0,5335900.0,2,2,2,17
689300.0,5336000.0,2,2,2,13
689600.0,5331400.0,2,2,2,180
689700.0,5331700.0,2,2,2,87
689700.0,5331800.0,2,2,2,98
689700.0,5331900.0,2,2,2,97
689700.0,5332000.0,2,2,2,79
689700.0,5332100.0,2,2,2,68
689700.0,5332200.0,2,2,2,68
689800.0,5331700.0,2,2,2,59
689800.0,5331800.0,2,2,2,69
689800.0,5331900.0,2,2,2,69
689800.0,5332000.0,2,2,2,54
689800.0,5332100.0,2,2,2,56
689800.0,5332200.0,2,2,2,62
689800.0,5333300.0,2,2,2,287
689900.0,5331700.0,2,2,2,49
689900.0,5331800.0,2,2,2,60
689900.0,5331900.0,2,2,2,62
689900.0,5332000.0,2,2,2,49
689900.0,5332100.0,2,2,2,55
689900.0,5332200.0,2,2,2,61
689900.0,5336500.0,2,2,2,40
690000.0,5331700.0,2,2,2,38
690000.0,5331800.0,2,2,2,51
690000.0,5331900.0,2,2,2,52
690000.0,5332000.0,2,2,2,42
690000.0,5332100.0,2,2,2,52
690000.0,5332200.0,2,2,2,58
690000.0,5333300.0,2,2,2,225
690000.0,5336500.0,2,2,2,140
690100.0,5331700.0,2,2,2,31
690100.0,5331800.0,2,2,2,44
690100.0,5331900.0,2,2,2,45
690100.0,5332000.0,2,2,2,40
690100.0,5332100.0,2,2,2,50
690100.0,5332200.0,2,2,2,55
690100.0,5336600.0,2,2,2,148
690200.0,5331700.0,2,2,2,20
690200.0,5331800.0,2,2,2,33
690200.0,5331900.0,2,2,2,34
690200.0,5332000.0,2,2,2,37
690200.0,5332100.0,2,2,2,47
690200.0,5332200.0,2,2,2,52
690200.0,5336600.0,2,2,2,155
690300.0,5331700.0,2,2,2,18
690300.0,5331800.0,2,2,2,29
690300.0,5331900.0,2,2,2,30
690300.0,5332000.0,2,2,2,33
690300.0,5332100.0,2,2,2,43
690300.0,5332200.0,2,2,2,47
690300.0,5336600.0,2,2,2,167
690400.0,5336600.0,2,2,2,170
690400.0,5337200.0,2,2,2,196
690400.0,5337300.0,2,2,2,196
690500.0,5333200.0,2,2,2,167
690500.0,5336600.0,2,2,2,176
690500.0,5337100.0,2,2,2,202
690500.0,5337400.0,2,2,2,176
690500.0,5337500.0,2,2,2,146
690500.0,5337600.0,2,2,2,134
690500.0,5337700.0,2,2,2,120
690500.0,5338100.0,2,2,2,30
690600.0,5333200.0,2,2,2,153
690600.0,5337400.0,2,2,2,180
690600.0,5337500.0,2,2,2,150
690600.0,5337600.0,2,2,2,138
690600.0,5337700.0,2,2,2,124
690600.0,5338100.0,2,2,2,35
690700.0,5333200.0,2,2,2,139
690700.0,5337400.0,2,2,2,189
690700.0,5337500.0,2,2,2,161
690700.0,5337600.0,2,2,2,149
690700.0,5337700.0,2,2,2,135
690700.0,5338100.0,2,2,2,41
690800.0,5333200.0,2,2,2,114
690800.0,5337400.0,2,2,2,193
690800.0,5337500.0,2,2,2,165
690800.0,5337600.0,2,2,2,153
690800.0,5337700.0,2,2,2,139
690800.0,5338100.0,2,2,2,42
690900.0,5333200.0,2,2,2,108
690900.0,5337400.0,2,2,2,199
690900.0,5337500.0,2,2,2,172
690900.0,5337600.0,2,2,2,161
690900.0,5337700.0,2,2,2,149
690900.0,5338200.0,2,2,2,35
690900.0,5338300.0,2,2,2,28
691000.0,5333200.0,2,2,2,99
691000.0,5337400.0,2,2,2,180
691000.0,5337500.0,2,2,2,175
691000.0,5337600.0,2,2,2,167
691000.0,5337700.0,2,2,2,157
691000.0,5338200.0,2,2,2,39
691000.0,5338300.0,2,2,2,32
691100.0,5333200.0,2,2,2,89
691100.0,5333300.0,2,2,2,118
691100.0,5333400.0,2,2,2,128
691100.0,5333500.0,2,2,2,150
691100.0,5333600.0,2,2,2,173
691100.0,5336800.0,2,2,2,59
691100.0,5336900.0,2,2,2,67
691100.0,5338200.0,2,2,2,43
691100.0,5338300.0,2,2,2,36
691200.0,5333200.0,2,2,2,67
691200.0,5333300.0,2,2,2,72
691200.0,5333400.0,2,2,2,76
691200.0,5333500.0,2,2,2,93
691200.0,5333600.0,2,2,2,115
691200.0,5338200.0,2,2,2,46
691200.0,5338300.0,2,2,2,40
691300.0,5338200.0,2,2,2,58
691300.0,5338300.0,2,2,2,53
691400.0,5338100.0,2,2,2,85
691400.0,5338200.0,2,2,2,80
691400.0,5338300.0,2,2,2,78
691500.0,5337900.0,2,2,2,115
691600.0,5335800.0,2,2,2,139
691600.0,5337900.0,2,2,2,120
691700.0,5335600.0,2,2,2,121
691700.0,5335700.0,2,2,2,110
691700.0,5335900.0,2,2,2,150
691700.0,5337900.0,2,2,2,121
691800.0,5335600.0,2,2,2,99
691800.0,5335700.0,2,2,2,96
691800.0,5335900.0,2,2,2,137
691800.0,5337900.0,2,2,2,128
691900.0,5335600.0,2,2,2,68
691900.0,5335700.0,2,2,2,71
691900.0,5335900.0,2,2,2,125
692200.0,5336200.0,2,2,2,63
692200.0,5336300.0,2,2,2,66
692200.0,5336400.0,2,2,2,71
692200.0,5336500.0,2,2,2,76
692200.0,5336600.0,2,2,2,86
692300.0,5336700.0,2,2,2,74
692400.0,5336700.0,2,2,2,52
691700.0,5333900.0,1,3,4,4
691800.0,5334300.0,1,3,4,8
691900.0,5334300.0,1,3,4,4
689800.0,5336400.0,1,3,3,20
689700.0,5336200.0,1,2,2,44
690200.0,5332700.0,1,2,2,78
690200.0,5332800.0,1,2,2,70
690200.0,5332900.0,1,2,2,87
690200.0,5333000.0,1,2,2,98
690200.0,5333100.0,1,2,2,102
690200.0,5333200.0,1,2,2,149
690300.0,5332700.0,1,2,2,71
690300.0,5332800.0,1,2,2,61
690300.0,5332900.0,1,2,2,76
690300.0,5333000.0,1,2,2,89
690300.0,5333100.0,1,2,2,97
690400.0,5332300.0,1,2,2,38
690400.0,5332400.0,1,2,2,47
690400.0,5332500.0,1,2,2,49
690400.0,5332600.0,1,2,2,57
690400.0,5332700.0,1,2,2,59
690400.0,5332800.0,1,2,2,52
690400.0,5332900.0,1,2,2,56
690400.0,5333000.0,1,2,2,69
692100.0,5337800.0,1,2,2,145
692200.0,5337800.0,1,2,2,138
688300.0,5331400.0,1,1,1,214
688300.0,5331500.0,1,1,1,294
688300.0,5331600.0,1,1,1,310
688300.0,5331700.0,1,1,1,317
688300.0,5331800.0,1,1,1,316
688300.0,5331900.0,1,1,1,317
688300.0,5332000.0,1,1,1,317
688300.0,5332400.0,1,1,1,134
688300.0,5332500.0,1,1,1,55
688300.0,5332600.0,1,1,1,41
688300.0,5333100.0,1,1,1,23
688300.0,5333200.0,1,1,1,20
688300.0,5333300.0,1,1,1,26
688300.0,5333400.0,1,1,1,24
688300.0,5333500.0,1,1,1,23
688300.0,5333600.0,1,1,1,21
688400.0,5331400.0,1,1,1,258
688400.0,5331500.0,1,1,1,340
688400.0,5331600.0,1,1,1,357
688400.0,5331700.0,1,1,1,364
688400.0,5331800.0,1,1,1,364
688400.0,5331900.0,1,1,1,362
688400.0,5332000.0,1,1,1,363
688400.0,5332400.0,1,1,1,150
688400.0,5332500.0,1,1,1,69
688400.0,5332600.0,1,1,1,55
688400.0,5333100.0,1,1,1,37
688400.0,5333200.0,1,1,1,31
688400.0,5333300.0,1,1,1,68
688400.0,5333400.0,1,1,1,66
688400.0,5333500.0,1,1,1,65
688400.0,5333600.0,1,1,1,63
688500.0,5334600.0,1,1,1,4
688600.0,5334600.0,1,1,1,14
688700.0,5331300.0,1,1,1,232
688700.0,5334700.0,1,1,1,14
688700.0,5334800.0,1,1,1,11
688700.0,5334900.0,1,1,1,7
688800.0,5331300.0,1,1,1,255
688900.0,5331300.0,1,1,1,267
688900.0,5335000.0,1,1,1,11
688900.0,5335100.0,1,1,1,8
688900.0,5335200.0,1,1,1,4
688900.0,5335300.0,1,1,1,1
688900.0,5335400.0,1,1,1,1
688900.0,5335500.0,1,1,1,1
689000.0,5331300.0,1,1,1,280
689000.0,5335600.0,1,1,1,1
689000.0,5335700.0,1,1,1,1
689000.0,5335800.0,1,1,1,1
689100.0,5331300.0,1,1,1,274
689100.0,5335800.0,1,1,1,10
689200.0,5331300.0,1,1,1,279
689200.0,5336000.0,1,1,1,5
689300.0,5331300.0,1,1,1,257
689300.0,5336100.0,1,1,1,8
689400.0,5331300.0,1,1,1,212
689400.0,5336100.0,1,1,1,15
689500.0,5331300.0,1,1,1,171
689500.0,5336100.0,1,1,1,24
689600.0,5331300.0,1,1,1,145
689600.0,5336100.0,1,1,1,39
689700.0,5331400.0,1,1,1,79
689700.0,5331500.0,1,1,1,79
689700.0,5331600.0,1,1,1,84
689800.0,5331400.0,1,1,1,52
689800.0,5331500.0,1,1,1,52
689800.0,5331600.0,1,1,1,56
689900.0,5331400.0,1,1,1,40
689900.0,5331500.0,1,1,1,42
689900.0,5331600.0,1,1,1,46
689900.0,5333300.0,1,1,1,251
689900.0,5336600.0,1,1,1,32
690000.0,5331400.0,1,1,1,24
690000.0,5331500.0,1,1,1,29
690000.0,5331600.0,1,1,1,33
690000.0,5336600.0,1,1,1,132
690100.0,5331400.0,1,1,1,19
690100.0,5331500.0,1,1,1,24
690100.0,5331600.0,1,1,1,27
690100.0,5336700.0,1,1,1,149
690100.0,5336800.0,1,1,1,148
690100.0,5336900.0,1,1,1,147
690100.0,5337000.0,1,1,1,138
690100.0,5337100.0,1,1,1,113
690100.0,5337200.0,1,1,1,109
690100.0,5337300.0,1,1,1,103
690200.0,5331400.0,1,1,1,7
690200.0,5331500.0,1,1,1,12
690200.0,5331600.0,1,1,1,15
690200.0,5336700.0,1,1,1,155
690200.0,5336800.0,1,1,1,155
690200.0,5336900.0,1,1,1,164
690200.0,5337000.0,1,1,1,180
690200.0,5337100.0,1,1,1,160
690200.0,5337200.0,1,1,1,156
690200.0,5337300.0,1,1,1,151
690300.0,5331400.0,1,1,1,5
690300.0,5331500.0,1,1,1,10
690300.0,5331600.0,1,1,1,13
690300.0,5336700.0,1,1,1,166
690300.0,5336800.0,1,1,1,169
690300.0,5336900.0,1,1,1,177
690300.0,5337000.0,1,1,1,192
690300.0,5337100.0,1,1,1,178
690300.0,5337200.0,1,1,1,181
690300.0,5337300.0,1,1,1,178
690400.0,5336700.0,1,1,1,169
690400.0,5336800.0,1,1,1,174
690400.0,5336900.0,1,1,1,183
690400.0,5337000.0,1,1,1,202
690400.0,5337100.0,1,1,1,190
690400.0,5337400.0,1,1,1,168
690400.0,5337500.0,1,1,1,138
690400.0,5337600.0,1,1,1,127
690400.0,5337700.0,1,1,1,114
690400.0,5337800.0,1,1,1,97
690400.0,5337900.0,1,1,1,74
690400.0,5338000.0,1,1,1,39
690400.0,5338100.0,1,1,1,23
690500.0,5333100.0,1,1,1,81
690500.0,5336700.0,1,1,1,177
690500.0,5336800.0,1,1,1,183
690500.0,5336900.0,1,1,1,192
690500.0,5337000.0,1,1,1,212
690500.0,5338200.0,1,1,1,19
690500.0,5338300.0,1,1,1,12
690600.0,5333100.0,1,1,1,66
690600.0,5338200.0,1,1,1,24
690600.0,5338300.0,1,1,1,16
690700.0,5333100.0,1,1,1,58
690700.0,5338200.0,1,1,1,29
690700.0,5338300.0,1,1,1,22
690800.0,5333100.0,1,1,1,51
690800.0,5338200.0,1,1,1,31
690800.0,5338300.0,1,1,1,24
690900.0,5333100.0,1,1,1,48
691000.0,5333100.0,1,1,1,41
691100.0,5333100.0,1,1,1,33
691200.0,5333100.0,1,1,1,29
691300.0,5333100.0,1,1,1,20
691300.0,5333200.0,1,1,1,21
691300.0,5333300.0,1,1,1,22
691300.0,5333400.0,1,1,1,24
691300.0,5333500.0,1,1,1,36
691300.0,5333600.0,1,1,1,56
691500.0,5338000.0,1,1,1,99
691500.0,5338100.0,1,1,1,82
691500.0,5338200.0,1,1,1,77
691500.0,5338300.0,1,1,1,76
691600.0,5333700.0,1,1,1,1
691600.0,5338000.0,1,1,1,102
691600.0,5338100.0,1,1,1,82
691600.0,5338200.0,1,1,1,77
691600.0,5338300.0,1,1,1,77
691700.0,5335800.0,1,1,1,127
691700.0,5338000.0,1,1,1,103
691700.0,5338100.0,1,1,1,85
691700.0,5338200.0,1,1,1,77
691700.0,5338300.0,1,1,1,74
691800.0,5335800.0,1,1,1,112
691800.0,5338000.0,1,1,1,110
691800.0,5338100.0,1,1,1,95
691800.0,5338200.0,1,1,1,85
691800.0,5338300.0,1,1,1,80
691900.0,5335800.0,1,1,1,93
691900.0,5337900.0,1,1,1,133
692000.0,5335900.0,1,1,1,102
692000.0,5337900.0,1,1,1,133
692100.0,5335900.0,1,1,1,58
692200.0,5336000.0,1,1,1,55
692200.0,5336100.0,1,1,1,57
692300.0,5336200.0,1,1,1,48
692300.0,5336300.0,1,1,1,49
692300.0,5336400.0,1,1,1,50
692300.0,5336500.0,1,1,1,53
692300.0,5336600.0,1,1,1,60
692400.0,5336200.0,1,1,1,36
692400.0,5336300.0,1,1,1,37
692400.0,5336400.0,1,1,1,37
692400.0,5336500.0,1,1,1,38
692400.0,5336600.0,1,1,1,43
688300.0,5331300.0,0,0,0,56
688300.0,5333700.0,0,0,0,16
688300.0,5333800.0,0,0,0,12
688300.0,5333900.0,0,0,0,12
688300.0,5334000.0,0,0,0,11
688300.0,5334100.0,0,0,0,11
688300.0,5334200.0,0,0,0,11
688300.0,5334300.0,0,0,0,0
688300.0,5334400.0,0,0,0,0
688300.0,5334500.0,0,0,0,0
688300.0,5334600.0,0,0,0,0
688300.0,5334700.0,0,0,0,0
688300.0,5334800.0,0,0,0,0
688300.0,5334900.0,0,0,0,0
688300.0,5335000.0,0,0,0,0
688300.0,5335100.0,0,0,0,0
688300.0,5335200.0,0,0,0,0
688300.0,5335300.0,0,0,0,0
688300.0,5335400.0,0,0,0,0
688300.0,5335500.0,0,0,0,0
688300.0,5335600.0,0,0,0,0
688300.0,5335700.0,0,0,0,0
688300.0,5335800.0,0,0,0,0
688300.0,5335900.0,0,0,0,0
688300.0,5336000.0,0,0,0,0
688300.0,5336100.0,0,0,0,0
688300.0,5336200.0,0,0,0,0
688300.0,5336300.0,0,0,0,0
688300.0,5336400.0,0,0,0,0
688300.0,5336500.0,0,0,0,0
688300.0,5336600.0,0,0,0,0
688300.0,5336700.0,0,0,0,0
688300.0,5336800.0,0,0,0,0
688300.0,5336900.0,0,0,0,0
688300.0,5337000.0,0,0,0,0
688300.0,5337100.0,0,0,0,0
688300.0,5337200.0,0,0,0,0
688300.0,5337300.0,0,0,0,0
688300.0,5337400.0,0,0,0,0
688300.0,5337500.0,0,0,0,0
688300.0,5337600.0,0,0,0,0
688300.0,5337700.0,0,0,0,0
688300.0,5337800.0,0,0,0,0
688300.0,5337900.0,0,0,0,0
688300.0,5338000.0,0,0,0,0
688300.0,5338100.0,0,0,0,0
688300.0,5338200.0,0,0,0,0
688300.0,5338300.0,0,0,0,0
688400.0,5331300.0,0,0,0,103
688400.0,5333700.0,0,0,0,57
688400.0,5333800.0,0,0,0,51
688400.0,5333900.0,0,0,0,51
688400.0,5334000.0,0,0,0,49
688400.0,5334100.0,0,0,0,47
688400.0,5334200.0,0,0,0,45
688400.0,5334300.0,0,0,0,1
688400.0,5334400.0,0,0,0,1
688400.0,5334500.0,0,0,0,1
688400.0,5334600.0,0,0,0,0
688400.0,5334700.0,0,0,0,0
688400.0,5334800.0,0,0,0,0
688400.0,5334900.0,0,0,0,0
688400.0,5335000.0,0,0,0,0
688400.0,5335100.0,0,0,0,0
688400.0,5335200.0,0,0,0,0
688400.0,5335300.0,0,0,0,0
688400.0,5335400.0,0,0,0,0
688400.0,5335500.0,0,0,0,0
688400.0,5335600.0,0,0,0,0
688400.0,5335700.0,0,0,0,0
688400.0,5335800.0,0,0,0,0
688400.0,5335900.0,0,0,0,0
688400.0,5336000.0,0,0,0,0
688400.0,5336100.0,0,0,0,0
688400.0,5336200.0,0,0,0,0
688400.0,5336300.0,0,0,0,0
688400.0,5336400.0,0,0,0,0
688400.0,5336500.0,0,0,0,0
688400.0,5336600.0,0,0,0,0
688400.0,5336700.0,0,0,0,0
688400.0,5336800.0,0,0,0,0
688400.0,5336900.0,0,0,0,0
688400.0,5337000.0,0,0,0,0
688400.0,5337100.0,0,0,0,0
688400.0,5337200.0,0,0,0,0
688400.0,5337300.0,0,0,0,0
688400.0,5337400.0,0,0,0,0
688400.0,5337500.0,0,0,0,0
688400.0,5337600.0,0,0,0,0
688400.0,5337700.0,0,0,0,0
688400.0,5337800.0,0,0,0,0
688400.0,5337900.0,0,0,0,0
688400.0,5338000.0,0,0,0,0
688400.0,5338100.0,0,0,0,0
688400.0,5338200.0,0,0,0,0
688400.0,5338300.0,0,0,0,0
688500.0,5331300.0,0,0,0,143
688500.0,5334700.0,0,0,0,0
688500.0,5334800.0,0,0,0,0
688500.0,5334900.0,0,0,0,0
688500.0,5335000.0,0,0,0,0
688500.0,5335100.0,0,0,0,0
688500.0,5335200.0,0,0,0,0
688500.0,5335300.0,0,0,0,0
688500.0,5335400.0,0,0,0,0
688500.0,5335500.0,0,0,0,0
688500.0,5335600.0,0,0,0,0
688500.0,5335700.0,0,0,0,0
688500.0,5335800.0,0,0,0,0
688500.0,5335900.0,0,0,0,0
688500.0,5336000.0,0,0,0,0
688500.0,5336100.0,0,0,0,0
688500.0,5336200.0,0,0,0,0
688500.0,5336300.0,0,0,0,0
688500.0,5336400.0,0,0,0,0
688500.0,5336500.0,0,0,0,0
688500.0,5336600.0,0,0,0,0
688500.0,5336700.0,0,0,0,0
688500.0,5336800.0,0,0,0,0
688500.0,5336900.0,0,0,0,0
688500.0,5337000.0,0,0,0,0
688500.0,5337100.0,0,0,0,0
688500.0,5337200.0,0,0,0,0
688500.0,5337300.0,0,0,0,0
688500.0,5337400.0,0,0,0,0
688500.0,5337500.0,0,0,0,0
688500.0,5337600.0,0,0,0,0
688500.0,5337700.0,0,0,0,0
688500.0,5337800.0,0,0,0,0
688500.0,5337900.0,0,0,0,0
688500.0,5338000.0,0,0,0,0
688500.0,5338100.0,0,0,0,0
688500.0,5338200.0,0,0,0,0
688500.0,5338300.0,0,0,0,0
688600.0,5331300.0,0,0,0,161
688600.0,5334700.0,0,0,0,4
688600.0,5334800.0,0,0,0,1
688600.0,5334900.0,0,0,0,0
688600.0,5335000.0,0,0,0,0
688600.0,5335100.0,0,0,0,0
688600.0,5335200.0,0,0,0,0
688600.0,5335300.0,0,0,0,0
688600.0,5335400.0,0,0,0,0
688600.0,5335500.0,0,0,0,0
688600.0,5335600.0,0,0,0,0
688600.0,5335700.0,0,0,0,0
688600.0,5335800.0,0,0,0,0
688600.0,5335900.0,0,0,0,0
688600.0,5336000.0,0,0,0,0
688600.0,5336100.0,0,0,0,0
688600.0,5336200.0,0,0,0,0
688600.0,5336300.0,0,0,0,0
688600.0,5336400.0,0,0,0,0
688600.0,5336500.0,0,0,0,0
688600.0,5336600.0,0,0,0,0
688600.0,5336700.0,0,0,0,0
688600.0,5336800.0,0,0,0,0
688600.0,5336900.0,0,0,0,0
688600.0,5337000.0,0,0,0,0
688600.0,5337100.0,0,0,0,0
688600.0,5337200.0,0,0,0,0
688600.0,5337300.0,0,0,0,0
688600.0,5337400.0,0,0,0,0
688600.0,5337500.0,0,0,0,0
688600.0,5337600.0,0,0,0,0
688600.0,5337700.0,0,0,0,0
688600.0,5337800.0,0,0,0,0
688600.0,5337900.0,0,0,0,0
688600.0,5338000.0,0,0,0,0
688600.0,5338100.0,0,0,0,0
688600.0,5338200.0,0,0,0,0
688600.0,5338300.0,0,0,0,0
688700.0,5335000.0,0,0,0,1
688700.0,5335100.0,0,0,0,0
688700.0,5335200.0,0,0,0,0
688700.0,5335300.0,0,0,0,0
688700.0,5335400.0,0,0,0,0
688700.0,5335500.0,0,0,0,0
688700.0,5335600.0,0,0,0,0
688700.0,5335700.0,0,0,0,0
688700.0,5335800.0,0,0,0,0
688700.0,5335900.0,0,0,0,0
688700.0,5336000.0,0,0,0,0
688700.0,5336100.0,0,0,0,0
688700.0,5336200.0,0,0,0,0
688700.0,5336300.0,0,0,0,0
688700.0,5336400.0,0,0,0,0
688700.0,5336500.0,0,0,0,0
688700.0,5336600.0,0,0,0,0
688700.0,5336700.0,0,0,0,0
688700.0,5336800.0,0,0,0,0
688700.0,5336900.0,0,0,0,0
688700.0,5337000.0,0,0,0,0
688700.0,5337100.0,0,0,0,0
688700.0,5337200.0,0,0,0,0
688700.0,5337300.0,0,0,0,0
688700.0,5337400.0,0,0,0,0
688700.0,5337500.0,0,0,0,0
688700.0,5337600.0,0,0,0,0
688700.0,5337700.0,0,0,0,0
688700.0,5337800.0,0,0,0,0
688700.0,5337900.0,0,0,0,0
688700.0,5338000.0,0,0,0,0
688700.0,5338100.0,0,0,0,0
688700.0,5338200.0,0,0,0,0
688700.0,5338300.0,0,0,0,0
688800.0,5335000.0,0,0,0,3
688800.0,5335100.0,0,0,0,2
688800.0,5335200.0,0,0,0,1
688800.0,5335300.0,0,0,0,0
688800.0,5335400.0,0,0,0,0
688800.0,5335500.0,0,0,0,0
688800.0,5335600.0,0,0,0,0
688800.0,5335700.0,0,0,0,0
688800.0,5335800.0,0,0,0,0
688800.0,5335900.0,0,0,0,0
688800.0,5336000.0,0,0,0,0
688800.0,5336100.0,0,0,0,0
688800.0,5336200.0,0,0,0,0
688800.0,5336300.0,0,0,0,0
688800.0,5336400.0,0,0,0,0
688800.0,5336500.0,0,0,0,0
688800.0,5336600.0,0,0,0,0
688800.0,5336700.0,0,0,0,0
688800.0,5336800.0,0,0,0,0
688800.0,5336900.0,0,0,0,0
688800.0,5337000.0,0,0,0,0
688800.0,5337100.0,0,0,0,0
688800.0,5337200.0,0,0,0,0
688800.0,5337300.0,0,0,0,0
688800.0,5337400.0,0,0,0,0
688800.0,5337500.0,0,0,0,0
688800.0,5337600.0,0,0,0,0
688800.0,5337700.0,0,0,0,0
688800.0,5337800.0,0,0,0,0
688800.0,5337900.0,0,0,0,0
688800.0,5338000.0,0,0,0,0
688800.0,5338100.0,0,0,0,0
688800.0,5338200.0,0,0,0,0
688800.0,5338300.0,0,0,0,0
688900.0,5335600.0,0,0,0,0
688900.0,5335700.0,0,0,0,0
688900.0,5335800.0,0,0,0,0
688900.0,5335900.0,0,0,0,0
688900.0,5336000.0,0,0,0,0
688900.0,5336100.0,0,0,0,0
688900.0,5336200.0,0,0,0,0
688900.0,5336300.0,0,0,0,0
688900.0,5336400.0,0,0,0,0
688900.0,5336500.0,0,0,0,0
688900.0,5336600.0,0,0,0,0
688900.0,5336700.0,0,0,0,0
688900.0,5336800.0,0,0,0,0
688900.0,5336900.0,0,0,0,0
688900.0,5337000.0,0,0,0,0
688900.0,5337100.0,0,0,0,0
688900.0,5337200.0,0,0,0,0
688900.0,5337300.0,0,0,0,0
688900.0,5337400.0,0,0,0,0
688900.0,5337500.0,0,0,0,0
688900.0,5337600.0,0,0,0,0
688900.0,5337700.0,0,0,0,0
688900.0,5337800.0,0,0,0,0
688900.0,5337900.0,0,0,0,0
688900.0,5338000.0,0,0,0,0
688900.0,5338100.0,0,0,0,0
688900.0,5338200.0,0,0,0,0
688900.0,5338300.0,0,0,0,0
689000.0,5335900.0,0,0,0,0
689000.0,5336000.0,0,0,0,0
689000.0,5336100.0,0,0,0,0
689000.0,5336200.0,0,0,0,0
689000.0,5336300.0,0,0,0,0
689000.0,5336400.0,0,0,0,0
689000.0,5336500.0,0,0,0,0
689000.0,5336600.0,0,0,0,0
689000.0,5336700.0,0,0,0,0
689000.0,5336800.0,0,0,0,0
689000.0,5336900.0,0,0,0,0
689000.0,5337000.0,0,0,0,0
689000.0,5337100.0,0,0,0,0
689000.0,5337200.0,0,0,0,0
689000.0,5337300.0,0,0,0,0
689000.0,5337400.0,0,0,0,0
689000.0,5337500.0,0,0,0,0
689000.0,5337600.0,0,0,0,0
689000.0,5337700.0,0,0,0,0
689000.0,5337800.0,0,0,0,0
689000.0,5337900.0,0,0,0,0
689000.0,5338000.0,0,0,0,0
689000.0,5338100.0,0,0,0,0
689000.0,5338200.0,0,0,0,0
689000.0,5338300.0,0,0,0,0
689100.0,5335900.0,0,0,0,8
689100.0,5336000.0,0,0,0,1
689100.0,5336100.0,0,0,0,0
689100.0,5336200.0,0,0,0,0
689100.0,5336300.0,0,0,0,0
689100.0,5336400.0,0,0,0,0
689100.0,5336500.0,0,0,0,0
689100.0,5336600.0,0,0,0,0
689100.0,5336700.0,0,0,0,0
689100.0,5336800.0,0,0,0,0
689100.0,5336900.0,0,0,0,0
689100.0,5337000.0,0,0,0,0
689100.0,5337100.0,0,0,0,0
689100.0,5337200.0,0,0,0,0
689100.0,5337300.0,0,0,0,0
689100.0,5337400.0,0,0,0,0
689100.0,5337500.0,0,0,0,0
689100.0,5337600.0,0,0,0,0
689100.0,5337700.0,0,0,0,0
689100.0,5337800.0,0,0,0,0
689100.0,5337900.0,0,0,0,0
689100.0,5338000.0,0,0,0,0
689100.0,5338100.0,0,0,0,0
689100.0,5338200.0,0,0,0,0
689100.0,5338300.0,0,0,0,0
689200.0,5336100.0,0,0,0,0
689200.0,5336200.0,0,0,0,0
689200.0,5336300.0,0,0,0,0
689200.0,5336400.0,0,0,0,0
689200.0,5336500.0,0,0,0,0
689200.0,5336600.0,0,0,0,0
689200.0,5336700.0,0,0,0,0
689200.0,5336800.0,0,0,0,0
689200.0,5336900.0,0,0,0,0
689200.0,5337000.0,0,0,0,0
689200.0,5337100.0,0,0,0,0
689200.0,5337200.0,0,0,0,0
689200.0,5337300.0,0,0,0,0
689200.0,5337400.0,0,0,0,0
689200.0,5337500.0,0,0,0,0
689200.0,5337600.0,0,0,0,0
689200.0,5337700.0,0,0,0,0
689200.0,5337800.0,0,0,0,0
689200.0,5337900.0,0,0,0,0
689200.0,5338000.0,0,0,0,0
689200.0,5338100.0,0,0,0,0
689200.0,5338200.0,0,0,0,0
689200.0,5338300.0,0,0,0,0
689300.0,5336200.0,0,0,0,3
689300.0,5336300.0,0,0,0,0
689300.0,5336400.0,0,0,0,0
689300.0,5336500.0,0,0,0,0
689300.0,5336600.0,0,0,0,0
689300.0,5336700.0,0,0,0,0
689300.0,5336800.0,0,0,0,0
689300.0,5336900.0,0,0,0,0
689300.0,5337000.0,0,0,0,0
689300.0,5337100.0,0,0,0,0
689300.0,5337200.0,0,0,0,0
689300.0,5337300.0,0,0,0,0
689300.0,5337400.0,0,0,0,0
689300.0,5337500.0,0,0,0,0
689300.0,5337600.0,0,0,0,0
689300.0,5337700.0,0,0,0,0
689300.0,5337800.0,0,0,0,0
689300.0,5337900.0,0,0,0,0
689300.0,5338000.0,0,0,0,0
689300.0,5338100.0,0,0,0,0
689300.0,5338200.0,0,0,0,0
689300.0,5338300.0,0,0,0,0
689400.0,5336200.0,0,0,0,7
689400.0,5336300.0,0,0,0,1
689400.0,5336400.0,0,0,0,0
689400.0,5336500.0,0,0,0,0
689400.0,5336600.0,0,0,0,0
689400.0,5336700.0,0,0,0,0
689400.0,5336800.0,0,0,0,0
689400.0,5336900.0,0,0,0,0
689400.0,5337000.0,0,0,0,0
689400.0,5337100.0,0,0,0,0
689400.0,5337200.0,0,0,0,0
689400.0,5337300.0,0,0,0,0
689400.0,5337400.0,0,0,0,0
689400.0,5337500.0,0,0,0,0
689400.0,5337600.0,0,0,0,0
689400.0,5337700.0,0,0,0,0
689400.0,5337800.0,0,0,0,0
689400.0,5337900.0,0,0,0,0
689400.0,5338000.0,0,0,0,0
689400.0,5338100.0,0,0,0,0
689400.0,5338200.0,0,0,0,0
689400.0,5338300.0,0,0,0,0
689500.0,5336200.0,0,0,0,15
689500.0,5336300.0,0,0,0,8
689500.0,5336400.0,0,0,0,4
689500.0,5336500.0,0,0,0,4
689500.0,5336600.0,0,0,0,2
689500.0,5336700.0,0,0,0,1
689500.0,5336800.0,0,0,0,0
689500.0,5336900.0,0,0,0,0
689500.0,5337000.0,0,0,0,0
689500.0,5337100.0,0,0,0,0
689500.0,5337200.0,0,0,0,0
689500.0,5337300.0,0,0,0,0
689500.0,5337400.0,0,0,0,0
689500.0,5337500.0,0,0,0,0
689500.0,5337600.0,0,0,0,0
689500.0,5337700.0,0,0,0,0
689500.0,5337800.0,0,0,0,0
689500.0,5337900.0,0,0,0,0
689500.0,5338000.0,0,0,0,0
689500.0,5338100.0,0,0,0,0
689500.0,5338200.0,0,0,0,0
689500.0,5338300.0,0,0,0,0
689600.0,5336200.0,0,0,0,28
689600.0,5336300.0,0,0,0,13
689600.0,5336400.0,0,0,0,7
689600.0,5336500.0,0,0,0,7
689600.0,5336600.0,0,0,0,4
689600.0,5336700.0,0,0,0,3
689600.0,5336800.0,0,0,0,2
689600.0,5336900.0,0,0,0,1
689600.0,5337000.0,0,0,0,1
689600.0,5337100.0,0,0,0,0
689600.0,5337200.0,0,0,0,0
689600.0,5337300.0,0,0,0,0
689600.0,5337400.0,0,0,0,0
689600.0,5337500.0,0,0,0,0
689600.0,5337600.0,0,0,0,0
689600.0,5337700.0,0,0,0,0
689600.0,5337800.0,0,0,0,0
689600.0,5337900.0,0,0,0,0
689600.0,5338000.0,0,0,0,0
689600.0,5338100.0,0,0,0,0
689600.0,5338200.0,0,0,0,0
689600.0,5338300.0,0,0,0,0
689700.0,5331300.0,0,0,0,73
689700.0,5336300.0,0,0,0,19
689700.0,5336400.0,0,0,0,11
689700.0,5336500.0,0,0,0,10
689700.0,5336600.0,0,0,0,7
689700.0,5336700.0,0,0,0,5
689700.0,5336800.0,0,0,0,3
689700.0,5336900.0,0,0,0,1
689700.0,5337000.0,0,0,0,1
689700.0,5337100.0,0,0,0,0
689700.0,5337200.0,0,0,0,0
689700.0,5337300.0,0,0,0,0
689700.0,5337400.0,0,0,0,0
689700.0,5337500.0,0,0,0,0
689700.0,5337600.0,0,0,0,0
689700.0,5337700.0,0,0,0,0
689700.0,5337800.0,0,0,0,0
689700.0,5337900.0,0,0,0,0
689700.0,5338000.0,0,0,0,0
689700.0,5338100.0,0,0,0,0
689700.0,5338200.0,0,0,0,0
689700.0,5338300.0,0,0,0,0
689800.0,5331300.0,0,0,0,48
689800.0,5336500.0,0,0,0,12
689800.0,5336600.0,0,0,0,8
689800.0,5336700.0,0,0,0,6
689800.0,5336800.0,0,0,0,4
689800.0,5336900.0,0,0,0,2
689800.0,5337000.0,0,0,0,1
689800.0,5337100.0,0,0,0,0
689800.0,5337200.0,0,0,0,0
689800.0,5337300.0,0,0,0,0
689800.0,5337400.0,0,0,0,0
689800.0,5337500.0,0,0,0,0
689800.0,5337600.0,0,0,0,0
689800.0,5337700.0,0,0,0,0
689800.0,5337800.0,0,0,0,0
689800.0,5337900.0,0,0,0,0
689800.0,5338000.0,0,0,0,0
689800.0,5338100.0,0,0,0,0
689800.0,5338200.0,0,0,0,0
689800.0,5338300.0,0,0,0,0
689900.0,5331300.0,0,0,0,35
689900.0,5336700.0,0,0,0,23
689900.0,5336800.0,0,0,0,14
689900.0,5336900.0,0,0,0,9
689900.0,5337000.0,0,0,0,7
689900.0,5337100.0,0,0,0,6
689900.0,5337200.0,0,0,0,6
689900.0,5337300.0,0,0,0,5
689900.0,5337400.0,0,0,0,4
689900.0,5337500.0,0,0,0,3
689900.0,5337600.0,0,0,0,2
689900.0,5337700.0,0,0,0,0
689900.0,5337800.0,0,0,0,0
689900.0,5337900.0,0,0,0,0
689900.0,5338000.0,0,0,0,0
689900.0,5338100.0,0,0,0,0
689900.0,5338200.0,0,0,0,0
689900.0,5338300.0,0,0,0,0
690000.0,5331300.0,0,0,0,20
690000.0,5336700.0,0,0,0,125
690000.0,5336800.0,0,0,0,113
690000.0,5336900.0,0,0,0,102
690000.0,5337000.0,0,0,0,93
690000.0,5337100.0,0,0,0,66
690000.0,5337200.0,0,0,0,63
690000.0,5337300.0,0,0,0,57
690000.0,5337400.0,0,0,0,29
690000.0,5337500.0,0,0,0,6
690000.0,5337600.0,0,0,0,4
690000.0,5337700.0,0,0,0,0
690000.0,5337800.0,0,0,0,0
690000.0,5337900.0,0,0,0,0
690000.0,5338000.0,0,0,0,0
690000.0,5338100.0,0,0,0,0
690000.0,5338200.0,0,0,0,0
690000.0,5338300.0,0,0,0,0
690100.0,5331300.0,0,0,0,15
690100.0,5337400.0,0,0,0,73
690100.0,5337500.0,0,0,0,46
690100.0,5337600.0,0,0,0,37
690100.0,5337700.0,0,0,0,25
690100.0,5337800.0,0,0,0,14
690100.0,5337900.0,0,0,0,3
690100.0,5338000.0,0,0,0,2
690100.0,5338100.0,0,0,0,0
690100.0,5338200.0,0,0,0,0
690100.0,5338300.0,0,0,0,0
690200.0,5331300.0,0,0,0,3
690200.0,5337400.0,0,0,0,121
690200.0,5337500.0,0,0,0,93
690200.0,5337600.0,0,0,0,82
690200.0,5337700.0,0,0,0,69
690200.0,5337800.0,0,0,0,57
690200.0,5337900.0,0,0,0,36
690200.0,5338000.0,0,0,0,8
690200.0,5338100.0,0,0,0,1
690200.0,5338200.0,0,0,0,1
690200.0,5338300.0,0,0,0,0
690300.0,5331300.0,0,0,0,2
690300.0,5337400.0,0,0,0,148
690300.0,5337500.0,0,0,0,118
690300.0,5337600.0,0,0,0,106
690300.0,5337700.0,0,0,0,93
690300.0,5337800.0,0,0,0,78
690300.0,5337900.0,0,0,0,56
690300.0,5338000.0,0,0,0,26
690300.0,5338100.0,0,0,0,12
690300.0,5338200.0,0,0,0,5
690300.0,5338300.0,0,0,0,2
690400.0,5331300.0,0,0,0,0
690400.0,5331400.0,0,0,0,0
690400.0,5331500.0,0,0,0,2
690400.0,5331600.0,0,0,0,4
690400.0,5331700.0,0,0,0,5
690400.0,5331800.0,0,0,0,13
690400.0,5331900.0,0,0,0,14
690400.0,5332000.0,0,0,0,17
690400.0,5332100.0,0,0,0,24
690400.0,5332200.0,0,0,0,28
690400.0,5338200.0,0,0,0,12
690400.0,5338300.0,0,0,0,6
690500.0,5331300.0,0,0,0,0
690500.0,5331400.0,0,0,0,0
690500.0,5331500.0,0,0,0,1
690500.0,5331600.0,0,0,0,1
690500.0,5331700.0,0,0,0,2
690500.0,5331800.0,0,0,0,3
690500.0,5331900.0,0,0,0,4
690500.0,5332000.0,0,0,0,7
690500.0,5332100.0,0,0,0,14
690500.0,5332200.0,0,0,0,15
690500.0,5332300.0,0,0,0,22
690500.0,5332400.0,0,0,0,30
690500.0,5332500.0,0,0,0,31
690500.0,5332600.0,0,0,0,39
690500.0,5332700.0,0,0,0,41
690500.0,5332800.0,0,0,0,41
690500.0,5332900.0,0,0,0,44
690500.0,5333000.0,0,0,0,52
690600.0,5331300.0,0,0,0,0
690600.0,5331400.0,0,0,0,0
690600.0,5331500.0,0,0,0,0
690600.0,5331600.0,0,0,0,0
690600.0,5331700.0,0,0,0,0
690600.0,5331800.0,0,0,0,0
690600.0,5331900.0,0,0,0,0
690600.0,5332000.0,0,0,0,3
690600.0,5332100.0,0,0,0,10
690600.0,5332200.0,0,0,0,10
690600.0,5332300.0,0,0,0,14
690600.0,5332400.0,0,0,0,17
690600.0,5332500.0,0,0,0,18
690600.0,5332600.0,0,0,0,25
690600.0,5332700.0,0,0,0,28
690600.0,5332800.0,0,0,0,29
690600.0,5332900.0,0,0,0,33
690600.0,5333000.0,0,0,0,38
690700.0,5331300.0,0,0,0,0
690700.0,5331400.0,0,0,0,0
690700.0,5331500.0,0,0,0,0
690700.0,5331600.0,0,0,0,0
690700.0,5331700.0,0,0,0,0
690700.0,5331800.0,0,0,0,0
690700.0,5331900.0,0,0,0,0
690700.0,5332000.0,0,0,0,3
690700.0,5332100.0,0,0,0,9
690700.0,5332200.0,0,0,0,9
690700.0,5332300.0,0,0,0,13
690700.0,5332400.0,0,0,0,14
690700.0,5332500.0,0,0,0,15
690700.0,5332600.0,0,0,0,21
690700.0,5332700.0,0,0,0,24
690700.0,5332800.0,0,0,0,25
690700.0,5332900.0,0,0,0,29
690700.0,5333000.0,0,0,0,32
690800.0,5331300.0,0,0,0,0
690800.0,5331400.0,0,0,0,0
690800.0,5331500.0,0,0,0,0
690800.0,5331600.0,0,0,0,0
690800.0,5331700.0,0,0,0,0
690800.0,5331800.0,0,0,0,0
690800.0,5331900.0,0,0,0,0
690800.0,5332000.0,0,0,0,1
690800.0,5332100.0,0,0,0,5
690800.0,5332200.0,0,0,0,5
690800.0,5332300.0,0,0,0,8
690800.0,5332400.0,0,0,0,8
690800.0,5332500.0,0,0,0,9
690800.0,5332600.0,0,0,0,15
690800.0,5332700.0,0,0,0,17
690800.0,5332800.0,0,0,0,18
690800.0,5332900.0,0,0,0,21
690800.0,5333000.0,0,0,0,26
690900.0,5331300.0,0,0,0,0
690900.0,5331400.0,0,0,0,0
690900.0,5331500.0,0,0,0,0
690900.0,5331600.0,0,0,0,0
690900.0,5331700.0,0,0,0,0
690900.0,5331800.0,0,0,0,0
690900.0,5331900.0,0,0,0,0
690900.0,5332000.0,0,0,0,0
690900.0,5332100.0,0,0,0,0
690900.0,5332200.0,0,0,0,0
690900.0,5332300.0,0,0,0,0
690900.0,5332400.0,0,0,0,0
690900.0,5332500.0,0,0,0,1
690900.0,5332600.0,0,0,0,7
690900.0,5332700.0,0,0,0,9
690900.0,5332800.0,0,0,0,10
690900.0,5332900.0,0,0,0,13
690900.0,5333000.0,0,0,0,19
691000.0,5331300.0,0,0,0,0
691000.0,5331400.0,0,0,0,0
691000.0,5331500.0,0,0,0,0
691000.0,5331600.0,0,0,0,0
691000.0,5331700.0,0,0,0,0
691000.0,5331800.0,0,0,0,0
691000.0,5331900.0,0,0,0,0
691000.0,5332000.0,0,0,0,0
691000.0,5332100.0,0,0,0,0
691000.0,5332200.0,0,0,0,0
691000.0,5332300.0,0,0,0,0
691000.0,5332400.0,0,0,0,0
691000.0,5332500.0,0,0,0,0
691000.0,5332600.0,0,0,0,2
691000.0,5332700.0,0,0,0,4
691000.0,5332800.0,0,0,0,5
691000.0,5332900.0,0,0,0,8
691000.0,5333000.0,0,0,0,12
691100.0,5331300.0,0,0,0,0
691100.0,5331400.0,0,0,0,0
691100.0,5331500.0,0,0,0,0
691100.0,5331600.0,0,0,0,0
691100.0,5331700.0,0,0,0,0
691100.0,5331800.0,0,0,0,0
691100.0,5331900.0,0,0,0,0
691100.0,5332000.0,0,0,0,0
691100.0,5332100.0,0,0,0,0
691100.0,5332200.0,0,0,0,0
691100.0,5332300.0,0,0,0,0
691100.0,5332400.0,0,0,0,0
691100.0,5332500.0,0,0,0,0
691100.0,5332600.0,0,0,0,0
691100.0,5332700.0,0,0,0,0
691100.0,5332800.0,0,0,0,1
691100.0,5332900.0,0,0,0,2
691100.0,5333000.0,0,0,0,4
691200.0,5331300.0,0,0,0,0
691200.0,5331400.0,0,0,0,0
691200.0,5331500.0,0,0,0,0
691200.0,5331600.0,0,0,0,0
691200.0,5331700.0,0,0,0,0
691200.0,5331800.0,0,0,0,0
691200.0,5331900.0,0,0,0,0
691200.0,5332000.0,0,0,0,0
691200.0,5332100.0,0,0,0,0
691200.0,5332200.0,0,0,0,0
691200.0,5332300.0,0,0,0,0
691200.0,5332400.0,0,0,0,0
691200.0,5332500.0,0,0,0,0
691200.0,5332600.0,0,0,0,0
691200.0,5332700.0,0,0,0,0
691200.0,5332800.0,0,0,0,0
691200.0,5332900.0,0,0,0,0
691200.0,5333000.0,0,0,0,2
691300.0,5331300.0,0,0,0,0
691300.0,5331400.0,0,0,0,0
691300.0,5331500.0,0,0,0,0
691300.0,5331600.0,0,0,0,0
691300.0,5331700.0,0,0,0,0
691300.0,5331800.0,0,0,0,0
691300.0,5331900.0,0,0,0,0
691300.0,5332000.0,0,0,0,0
691300.0,5332100.0,0,0,0,0
691300.0,5332200.0,0,0,0,0
691300.0,5332300.0,0,0,0,0
691300.0,5332400.0,0,0,0,0
691300.0,5332500.0,0,0,0,0
691300.0,5332600.0,0,0,0,0
691300.0,5332700.0,0,0,0,0
691300.0,5332800.0,0,0,0,0
691300.0,5332900.0,0,0,0,0
691300.0,5333000.0,0,0,0,0
691400.0,5331300.0,0,0,0,0
691400.0,5331400.0,0,0,0,0
691400.0,5331500.0,0,0,0,0
691400.0,5331600.0,0,0,0,0
691400.0,5331700.0,0,0,0,0
691400.0,5331800.0,0,0,0,0
691400.0,5331900.0,0,0,0,0
691400.0,5332000.0,0,0,0,0
691400.0,5332100.0,0,0,0,0
691400.0,5332200.0,0,0,0,0
691400.0,5332300.0,0,0,0,0
691400.0,5332400.0,0,0,0,0
691400.0,5332500.0,0,0,0,0
691400.0,5332600.0,0,0,0,0
691400.0,5332700.0,0,0,0,0
691400.0,5332800.0,0,0,0,0
691400.0,5332900.0,0,0,0,0
691400.0,5333000.0,0,0,0,0
691400.0,5333100.0,0,0,0,0
691400.0,5333200.0,0,0,0,0
691400.0,5333300.0,0,0,0,0
691400.0,5333400.0,0,0,0,2
691400.0,5333500.0,0,0,0,11
691400.0,5333600.0,0,0,0,23
691500.0,5331300.0,0,0,0,0
691500.0,5331400.0,0,0,0,0
691500.0,5331500.0,0,0,0,0
691500.0,5331600.0,0,0,0,0
691500.0,5331700.0,0,0,0,0
691500.0,5331800.0,0,0,0,0
691500.0,5331900.0,0,0,0,0
691500.0,5332000.0,0,0,0,0
691500.0,5332100.0,0,0,0,0
691500.0,5332200.0,0,0,0,0
691500.0,5332300.0,0,0,0,0
691500.0,5332400.0,0,0,0,0
691500.0,5332500.0,0,0,0,0
691500.0,5332600.0,0,0,0,0
691500.0,5332700.0,0,0,0,0
691500.0,5332800.0,0,0,0,0
691500.0,5332900.0,0,0,0,0
691500.0,5333000.0,0,0,0,0
691500.0,5333100.0,0,0,0,0
691500.0,5333200.0,0,0,0,0
691500.0,5333300.0,0,0,0,0
691500.0,5333400.0,0,0,0,0
691500.0,5333500.0,0,0,0,7
691500.0,5333600.0,0,0,0,12
691600.0,5331300.0,0,0,0,0
691600.0,5331400.0,0,0,0,0
691600.0,5331500.0,0,0,0,0
691600.0,5331600.0,0,0,0,0
691600.0,5331700.0,0,0,0,0
691600.0,5331800.0,0,0,0,0
691600.0,5331900.0,0,0,0,0
691600.0,5332000.0,0,0,0,0
691600.0,5332100.0,0,0,0,0
691600.0,5332200.0,0,0,0,0
691600.0,5332300.0,0,0,0,0
691600.0,5332400.0,0,0,0,0
691600.0,5332500.0,0,0,0,0
691600.0,5332600.0,0,0,0,0
691600.0,5332700.0,0,0,0,0
691600.0,5332800.0,0,0,0,0
691600.0,5332900.0,0,0,0,0
691600.0,5333000.0,0,0,0,0
691600.0,5333100.0,0,0,0,0
691600.0,5333200.0,0,0,0,0
691600.0,5333300.0,0,0,0,0
691600.0,5333400.0,0,0,0,0
691600.0,5333500.0,0,0,0,0
691600.0,5333600.0,0,0,0,0
691700.0,5331300.0,0,0,0,0
691700.0,5331400.0,0,0,0,0
691700.0,5331500.0,0,0,0,0
691700.0,5331600.0,0,0,0,0
691700.0,5331700.0,0,0,0,0
691700.0,5331800.0,0,0,0,0
691700.0,5331900.0,0,0,0,0
691700.0,5332000.0,0,0,0,0
691700.0,5332100.0,0,0,0,0
691700.0,5332200.0,0,0,0,0
691700.0,5332300.0,0,0,0,0
691700.0,5332400.0,0,0,0,0
691700.0,5332500.0,0,0,0,0
691700.0,5332600.0,0,0,0,0
691700.0,5332700.0,0,0,0,0
691700.0,5332800.0,0,0,0,0
691700.0,5332900.0,0,0,0,0
691700.0,5333000.0,0,0,0,0
691700.0,5333100.0,0,0,0,0
691700.0,5333200.0,0,0,0,0
691700.0,5333300.0,0,0,0,0
691700.0,5333400.0,0,0,0,0
691700.0,5333500.0,0,0,0,0
691700.0,5333600.0,0,0,0,0
691700.0,5333700.0,0,0,0,0
691700.0,5333800.0,0,0,0,0
691800.0,5331300.0,0,0,0,0
691800.0,5331400.0,0,0,0,0
691800.0,5331500.0,0,0,0,0
691800.0,5331600.0,0,0,0,0
691800.0,5331700.0,0,0,0,0
691800.0,5331800.0,0,0,0,0
691800.0,5331900.0,0,0,0,0
691800.0,5332000.0,0,0,0,0
691800.0,5332100.0,0,0,0,0
691800.0,5332200.0,0,0,0,0
691800.0,5332300.0,0,0,0,0
691800.0,5332400.0,0,0,0,0
691800.0,5332500.0,0,0,0,0
691800.0,5332600.0,0,0,0,0
691800.0,5332700.0,0,0,0,0
691800.0,5332800.0,0,0,0,0
691800.0,5332900.0,0,0,0,0
691800.0,5333000.0,0,0,0,0
691800.0,5333100.0,0,0,0,0
691800.0,5333200.0,0,0,0,0
691800.0,5333300.0,0,0,0,0
691800.0,5333400.0,0,0,0,0
691800.0,5333500.0,0,0,0,0
691800.0,5333600.0,0,0,0,0
691800.0,5333700.0,0,0,0,0
691800.0,5333800.0,0,0,0,0
691800.0,5333900.0,0,0,0,0
691800.0,5334000.0,0,0,0,0
691800.0,5334100.0,0,0,0,2
691800.0,5334200.0,0,0,0,2
691900.0,5331300.0,0,0,0,0
691900.0,5331400.0,0,0,0,0
691900.0,5331500.0,0,0,0,0
691900.0,5331600.0,0,0,0,0
691900.0,5331700.0,0,0,0,0
691900.0,5331800.0,0,0,0,0
691900.0,5331900.0,0,0,0,0
691900.0,5332000.0,0,0,0,0
691900.0,5332100.0,0,0,0,0
691900.0,5332200.0,0,0,0,0
691900.0,5332300.0,0,0,0,0
691900.0,5332400.0,0,0,0,0
691900.0,5332500.0,0,0,0,0
691900.0,5332600.0,0,0,0,0
691900.0,5332700.0,0,0,0,0
691900.0,5332800.0,0,0,0,0
691900.0,5332900.0,0,0,0,0
691900.0,5333000.0,0,0,0,0
691900.0,5333100.0,0,0,0,0
691900.0,5333200.0,0,0,0,0
691900.0,5333300.0,0,0,0,0
691900.0,5333400.0,0,0,0,0
691900.0,5333500.0,0,0,0,0
691900.0,5333600.0,0,0,0,0
691900.0,5333700.0,0,0,0,0
691900.0,5333800.0,0,0,0,0
691900.0,5333900.0,0,0,0,0
691900.0,5334000.0,0,0,0,0
691900.0,5334100.0,0,0,0,0
691900.0,5334200.0,0,0,0,0
691900.0,5338000.0,0,0,0,114
691900.0,5338100.0,0,0,0,104
691900.0,5338200.0,0,0,0,94
691900.0,5338300.0,0,0,0,88
692000.0,5331300.0,0,0,0,0
692000.0,5331400.0,0,0,0,0
692000.0,5331500.0,0,0,0,0
692000.0,5331600.0,0,0,0,0
692000.0,5331700.0,0,0,0,0
692000.0,5331800.0,0,0,0,0
692000.0,5331900.0,0,0,0,0
692000.0,5332000.0,0,0,0,0
692000.0,5332100.0,0,0,0,0
692000.0,5332200.0,0,0,0,0
692000.0,5332300.0,0,0,0,0
692000.0,5332400.0,0,0,0,0
692000.0,5332500.0,0,0,0,0
692000.0,5332600.0,0,0,0,0
692000.0,5332700.0,0,0,0,0
692000.0,5332800.0,0,0,0,0
692000.0,5332900.0,0,0,0,0
692000.0,5333000.0,0,0,0,0
692000.0,5333100.0,0,0,0,0
692000.0,5333200.0,0,0,0,0
692000.0,5333300.0,0,0,0,0
692000.0,5333400.0,0,0,0,0
692000.0,5333500.0,0,0,0,0
692000.0,5333600.0,0,0,0,0
692000.0,5333700.0,0,0,0,0
692000.0,5333800.0,0,0,0,0
692000.0,5333900.0,0,0,0,0
692000.0,5334000.0,0,0,0,0
692000.0,5334100.0,0,0,0,0
692000.0,5334200.0,0,0,0,0
692000.0,5334300.0,0,0,0,0
692000.0,5334400.0,0,0,0,0
692000.0,5334500.0,0,0,0,1
692000.0,5334600.0,0,0,0,3
692000.0,5334700.0,0,0,0,7
692000.0,5334800.0,0,0,0,7
692000.0,5334900.0,0,0,0,9
692000.0,5335000.0,0,0,0,11
692000.0,5335100.0,0,0,0,14
692000.0,5335200.0,0,0,0,17
692000.0,5335300.0,0,0,0,21
692000.0,5335400.0,0,0,0,25
692000.0,5335500.0,0,0,0,35
692000.0,5335600.0,0,0,0,42
692000.0,5335700.0,0,0,0,47
692000.0,5335800.0,0,0,0,70
692000.0,5338000.0,0,0,0,115
692000.0,5338100.0,0,0,0,106
692000.0,5338200.0,0,0,0,97
692000.0,5338300.0,0,0,0,91
692100.0,5331300.0,0,0,0,0
692100.0,5331400.0,0,0,0,0
692100.0,5331500.0,0,0,0,0
692100.0,5331600.0,0,0,0,0
692100.0,5331700.0,0,0,0,0
692100.0,5331800.0,0,0,0,0
692100.0,5331900.0,0,0,0,0
692100.0,5332000.0,0,0,0,0
692100.0,5332100.0,0,0,0,0
692100.0,5332200.0,0,0,0,0
692100.0,5332300.0,0,0,0,0
692100.0,5332400.0,0,0,0,0
692100.0,5332500.0,0,0,0,0
692100.0,5332600.0,0,0,0,0
692100.0,5332700.0,0,0,0,0
692100.0,5332800.0,0,0,0,0
692100.0,5332900.0,0,0,0,0
692100.0,5333000.0,0,0,0,0
692100.0,5333100.0,0,0,0,0
692100.0,5333200.0,0,0,0,0
692100.0,5333300.0,0,0,0,0
692100.0,5333400.0,0,0,0,0
692100.0,5333500.0,0,0,0,0
692100.0,5333600.0,0,0,0,0
692100.0,5333700.0,0,0,0,0
692100.0,5333800.0,0,0,0,0
692100.0,5333900.0,0,0,0,0
692100.0,5334000.0,0,0,0,0
692100.0,5334100.0,0,0,0,0
692100.0,5334200.0,0,0,0,0
692100.0,5334300.0,0,0,0,0
692100.0,5334400.0,0,0,0,0
692100.0,5334500.0,0,0,0,0
692100.0,5334600.0,0,0,0,0
692100.0,5334700.0,0,0,0,0
692100.0,5334800.0,0,0,0,0
692100.0,5334900.0,0,0,0,2
692100.0,5335000.0,0,0,0,2
692100.0,5335100.0,0,0,0,4
692100.0,5335200.0,0,0,0,7
692100.0,5335300.0,0,0,0,10
692100.0,5335400.0,0,0,0,10
692100.0,5335500.0,0,0,0,14
692100.0,5335600.0,0,0,0,16
692100.0,5335700.0,0,0,0,20
692100.0,5335800.0,0,0,0,35
692100.0,5337900.0,0,0,0,130
692100.0,5338000.0,0,0,0,115
692100.0,5338100.0,0,0,0,104
692100.0,5338200.0,0,0,0,97
692100.0,5338300.0,0,0,0,91
692200.0,5331300.0,0,0,0,0
692200.0,5331400.0,0,0,0,0
692200.0,5331500.0,0,0,0,0
692200.0,5331600.0,0,0,0,0
692200.0,5331700.0,0,0,0,0
692200.0,5331800.0,0,0,0,0
692200.0,5331900.0,0,0,0,0
692200.0,5332000.0,0,0,0,0
692200.0,5332100.0,0,0,0,0
692200.0,5332200.0,0,0,0,0
692200.0,5332300.0,0,0,0,0
692200.0,5332400.0,0,0,0,0
692200.0,5332500.0,0,0,0,0
692200.0,5332600.0,0,0,0,0
692200.0,5332700.0,0,0,0,0
692200.0,5332800.0,0,0,0,0
692200.0,5332900.0,0,0,0,0
692200.0,5333000.0,0,0,0,0
692200.0,5333100.0,0,0,0,0
692200.0,5333200.0,0,0,0,0
692200.0,5333300.0,0,0,0,0
692200.0,5333400.0,0,0,0,0
692200.0,5333500.0,0,0,0,0
692200.0,5333600.0,0,0,0,0
692200.0,5333700.0,0,0,0,0
692200.0,5333800.0,0,0,0,0
692200.0,5333900.0,0,0,0,0
692200.0,5334000.0,0,0,0,0
692200.0,5334100.0,0,0,0,0
692200.0,5334200.0,0,0,0,0
692200.0,5334300.0,0,0,0,0
692200.0,5334400.0,0,0,0,0
692200.0,5334500.0,0,0,0,0
692200.0,5334600.0,0,0,0,0
692200.0,5334700.0,0,0,0,0
692200.0,5334800.0,0,0,0,0
692200.0,5334900.0,0,0,0,1
692200.0,5335000.0,0,0,0,1
692200.0,5335100.0,0,0,0,2
692200.0,5335200.0,0,0,0,5
692200.0,5335300.0,0,0,0,6
692200.0,5335400.0,0,0,0,6
692200.0,5335500.0,0,0,0,8
692200.0,5335600.0,0,0,0,10
692200.0,5335700.0,0,0,0,12
692200.0,5335800.0,0,0,0,19
692200.0,5335900.0,0,0,0,33
692200.0,5337900.0,0,0,0,127
692200.0,5338000.0,0,0,0,115
692200.0,5338100.0,0,0,0,103
692200.0,5338200.0,0,0,0,96
692200.0,5338300.0,0,0,0,90
692300.0,5331300.0,0,0,0,0
692300.0,5331400.0,0,0,0,0
692300.0,5331500.0,0,0,0,0
692300.0,5331600.0,0,0,0,0
692300.0,5331700.0,0,0,0,0
692300.0,5331800.0,0,0,0,0
692300.0,5331900.0,0,0,0,0
692300.0,5332000.0,0,0,0,0
692300.0,5332100.0,0,0,0,0
692300.0,5332200.0,0,0,0,0
692300.0,5332300.0,0,0,0,0
692300.0,5332400.0,0,0,0,0
692300.0,5332500.0,0,0,0,0
692300.0,5332600.0,0,0,0,0
692300.0,5332700.0,0,0,0,0
692300.0,5332800.0,0,0,0,0
692300.0,5332900.0,0,0,0,0
692300.0,5333000.0,0,0,0,0
692300.0,5333100.0,0,0,0,0
692300.0,5333200.0,0,0,0,0
692300.0,5333300.0,0,0,0,0
692300.0,5333400.0,0,0,0,0
692300.0,5333500.0,0,0,0,0
692300.0,5333600.0,0,0,0,0
692300.0,5333700.0,0,0,0,0
692300.0,5333800.0,0,0,0,0
692300.0,5333900.0,0,0,0,0
692300.0,5334000.0,0,0,0,0
692300.0,5334100.0,0,0,0,0
692300.0,5334200.0,0,0,0,0
692300.0,5334300.0,0,0,0,0
692300.0,5334400.0,0,0,0,0
692300.0,5334500.0,0,0,0,0
692300.0,5334600.0,0,0,0,0
692300.0,5334700.0,0,0,0,0
692300.0,5334800.0,0,0,0,0
692300.0,5334900.0,0,0,0,0
692300.0,5335000.0,0,0,0,0
692300.0,5335100.0,0,0,0,0
692300.0,5335200.0,0,0,0,1
692300.0,5335300.0,0,0,0,1
692300.0,5335400.0,0,0,0,1
692300.0,5335500.0,0,0,0,1
692300.0,5335600.0,0,0,0,3
692300.0,5335700.0,0,0,0,4
692300.0,5335800.0,0,0,0,10
692300.0,5335900.0,0,0,0,22
692300.0,5336000.0,0,0,0,41
692300.0,5336100.0,0,0,0,42
692300.0,5337800.0,0,0,0,114
692300.0,5337900.0,0,0,0,106
692300.0,5338000.0,0,0,0,98
692300.0,5338100.0,0,0,0,89
692300.0,5338200.0,0,0,0,83
692300.0,5338300.0,0,0,0,77
692400.0,5331300.0,0,0,0,0
692400.0,5331400.0,0,0,0,0
692400.0,5331500.0,0,0,0,0
692400.0,5331600.0,0,0,0,0
692400.0,5331700.0,0,0,0,0
692400.0,5331800.0,0,0,0,0
692400.0,5331900.0,0,0,0,0
692400.0,5332000.0,0,0,0,0
692400.0,5332100.0,0,0,0,0
692400.0,5332200.0,0,0,0,0
692400.0,5332300.0,0,0,0,0
692400.0,5332400.0,0,0,0,0
692400.0,5332500.0,0,0,0,0
692400.0,5332600.0,0,0,0,0
692400.0,5332700.0,0,0,0,0
692400.0,5332800.0,0,0,0,0
692400.0,5332900.0,0,0,0,0
692400.0,5333000.0,0,0,0,0
692400.0,5333100.0,0,0,0,0
692400.0,5333200.0,0,0,0,0
692400.0,5333300.0,0,0,0,0
692400.0,5333400.0,0,0,0,0
692400.0,5333500.0,0,0,0,0
692400.0,5333600.0,0,0,0,0
692400.0,5333700.0,0,0,0,0
692400.0,5333800.0,0,0,0,0
692400.0,5333900.0,0,0,0,0
692400.0,5334000.0,0,0,0,0
692400.0,5334100.0,0,0,0,0
692400.0,5334200.0,0,0,0,0
692400.0,5334300.0,0,0,0,0
692400.0,5334400.0,0,0,0,0
692400.0,5334500.0,0,0,0,0
692400.0,5334600.0,0,0,0,0
692400.0,5334700.0,0,0,0,0
692400.0,5334800.0,0,0,0,0
692400.0,5334900.0,0,0,0,0
692400.0,5335000.0,0,0,0,0
692400.0,5335100.0,0,0,0,0
692400.0,5335200.0,0,0,0,0
692400.0,5335300.0,0,0,0,0
692400.0,5335400.0,0,0,0,0
692400.0,5335500.0,0,0,0,0
692400.0,5335600.0,0,0,0,1
692400.0,5335700.0,0,0,0,1
692400.0,5335800.0,0,0,0,5
692400.0,5335900.0,0,0,0,12
692400.0,5336000.0,0,0,0,29
692400.0,5336100.0,0,0,0,30
692400.0,5337800.0,0,0,0,81
692400.0,5337900.0,0,0,0,77
692400.0,5338000.0,0,0,0,70
692400.0,5338100.0,0,0,0,61
692400.0,5338200.0,0,0,0,56
692400.0,5338300.0,0,0,0,49
