borehole_id,x,y,group,fold
7835BG015007,691403.917,5335934.687,0,3
7835BG015006,691280.007,5335929.851,1,0
7835BG015009,691404.917,5335934.726,0,3
7835BG015008,691403.956,5335933.688,0,3
7835BG013051,690132.431,5334639.089,4,3
7835BG013056,690882.75,5334697.387,5,1
7835BG013003,691424.547,5335611.235,6,2
7835BG013004,691436.66,5335531.644,7,1
7835BG013005,691484.162,5335673.609,8,2
7835BG013057,690374.551,5334871.711,9,2
7835BG013059,690946.991,5334872.03,10,3
7835BG013061,690261.562,5334099.699,11,2
7835BG013006,691452.502,5335587.306,12,4
7835BG012870,690598.968,5335147.678,13,4
7835BG012871,690601.522,5335184.807,14,4
7835BG012873,690543.672,5334923.346,15,1
7835BG013071,690120.085,5334032.131,16,3
7835BG013013,691454.359,5335975.686,17,2
7835BG013014,691441.763,5335888.126,18,3
7835BG013015,691470.401,5335949.291,19,4
7835BG012875,690047.787,5335551.505,20,0
7835BG012876,690068.148,5335568.312,21,0
7835BG012877,690033.188,5335540.927,22,1
7835BG013066,691119.839,5334443.43,23,4
7835BG013067,691147.56,5334425.497,24,1
7835BG013016,691394.481,5335766.185,25,0
7835BG013017,691389.143,5335826.025,26,0
7835BG012909,689943.317,5335971.761,27,4
7835BG012958,691892.953,5335533.437,28,0
7835BG012915,690137.336,5335487.946,29,3
7835BG012916,690176.615,5335558.533,30,2
7835BG012919,690168.673,5334915.719,31,4
7835BG012920,691366.769,5335629.997,32,0
7835BG012921,691226.832,5335830.699,33,1
7835BG012924,691345.579,5335788.296,34,0
7835BG012881,690069.464,5335278.135,35,0
7835BG012882,690426.446,5335747.424,36,0
7835BG012883,690358.423,5335669.71,37,2
7835BG012886,690313.417,5335668.954,38,2
7835BG012925,691224.302,5335408.266,39,0
7835BG012926,691250.215,5335462.319,40,1
7835BG012927,691207.597,5335451.649,41,1
7835BG012928,691234.436,5335430.679,42,4
7835BG012888,691354.076,5335647.516,43,3
7835BG012889,691348.328,5334999.779,44,1
7835BG012892,690651.373,5334907.532,45,2
7835BG012893,690661.117,5334939.938,46,1
7835BG012894,690300.582,5335664.45,47,4
7835BG013079,690182.356,5334847.199,48,2
7835BG013081,690234.927,5334859.258,49,2
7835BG013120,691559.188,5334571.66,50,3
7835BG013082,690232.841,5334810.138,51,3
7835BG013083,690196.116,5334776.68,52,4
7835BG013084,690826.082,5334379.928,53,1
7835BG013085,690813.438,5334447.488,54,1
7835BG013128,691585.751,5334147.359,55,2
7835BG012896,689939.798,5335395.171,56,3
7835BG012897,689958.736,5335345.871,57,0
7835BG012898,689991.204,5335360.148,58,3
7835BG012899,689915.353,5335329.166,59,3
7835BG012900,689954.87,5335316.697,60,1
7835BG012902,690376.99,5335322.161,61,0
7835BG012903,690324.769,5335301.108,62,3
7835BG012904,689952.998,5335980.145,63,2
7835BG013087,690853.189,5334429.023,64,4
7835BG013088,690834.993,5334459.338,65,4
7835BG013089,690874.369,5334424.846,66,2
7835BG013090,690780.433,5334498.241,67,1
7835BG013091,690180.877,5334397.788,68,3
7835BG013093,690046.435,5334534.654,69,2
7835BG012907,690036.263,5335949.367,70,2
7835BG012908,689978.603,5335965.131,71,0
7835BG012951,691446.491,5335202.767,72,4
7835BG012952,691452.809,5335246.047,73,1
7835BG012953,691652.38,5335004.637,74,3
7835BG013353,691620.969,5334886.319,75,0
7835BG013354,691659.487,5334873.81,76,1
7835BG013360,689954.597,5335939.175,77,4
7835BG013367,690981.766,5334955.452,78,1
7835BG013370,690500.016,5335118.797,79,2
7835BG011386,691740.414,5335108.152,80,3
7835BG011393,691291.539,5334762.377,81,1
7835BG011395,691355.961,5334752.881,82,1
7835BG011396,691327.733,5334783.805,83,1
7835BG011955,690337.633,5335663.895,84,1
7835BG011956,691364.975,5335675.963,85,1
7835BG011958,691310.366,5335664.825,86,2
7835BG011959,691353.179,5335670.499,87,2
7835BG011986,689952.491,5335993.135,88,1
7835BG011987,690004.038,5335980.135,89,0
7835BG011967,690294.172,5335649.189,90,1
7835BG011974,690040.704,5334886.707,91,0
7835BG011379,690135.074,5335545.904,92,1
7835BG011381,690996.054,5335179.186,93,4
7835BG011382,691049.542,5335270.343,94,2
7835BG011975,690010.945,5334905.561,95,3
7835BG011976,690013.27,5334871.625,96,4
7835BG011979,689986.535,5335325.939,97,0
7835BG011980,690013.046,5335954.466,98,0
7835BG011904,690353.885,5335401.322,99,4
7835BG011905,690371.121,5335369.969,100,3
7835BG012472,691893.144,5334297.462,101,1
7835BG012473,691888.966,5334276.282,102,2
7835BG011908,689907.271,5335895.295,103,2
7835BG011909,689913.29,5335920.55,104,1
7835BG012003,691332.847,5335601.652,105,1
7835BG011930,690367.455,5335258.739,106,3
7835BG011931,690375.318,5335288.069,107,1
7835BG011932,690416.965,5335246.66,108,1
7835BG011933,690419.714,5335278.792,109,2
7835BG011934,690629.721,5335205.923,110,4
7835BG012029,690586.446,5335750.665,111,3
7835BG012341,690773.615,5334801.215,112,2
7835BG012342,690772.162,5334787.147,113,0
7835BG012476,691765.613,5334513.662,114,3
7835BG012477,691766.393,5334493.676,115,3
7835BG012007,690129.23,5335823.894,116,0
7835BG012008,690135.366,5335846.151,117,1
7835BG012009,690118.223,5335849.485,118,3
7835BG012030,691384.887,5334986.193,119,1
7835BG012031,691403.522,5334995.928,120,4
7835BG012033,691393.14,5335005.53,121,4
7835BG012224,691378.614,5335890.665,122,3
7835BG012225,691402.499,5335996.681,123,4
7835BG012381,690168.585,5334866.677,124,0
7835BG012382,690214.776,5334811.434,125,3
7835BG011910,689910.98,5335928.466,104,1
7835BG012197,691871.738,5335051.227,127,0
7835BG012198,691864.68,5335026.932,128,2
7835BG012226,691411.965,5335907.98,129,0
7835BG012227,691421.69,5335838.304,130,4
7835BG011939,690582.76,5334921.868,131,3
7835BG011941,690615.814,5334921.157,132,3
7835BG011942,690583.228,5334909.877,133,0
7835BG011989,690064.15,5335978.478,134,4
7835BG011990,690104.964,5335984.074,135,0
7835BG012013,690462.693,5335536.671,136,3
7835BG012014,690458.232,5335471.446,137,3
7835BG011916,691046.607,5335294.248,138,4
7835BG011917,691018.277,5335302.149,139,3
7835BG012202,691875.877,5335073.406,140,0
7835BG012204,691855.009,5335069.589,141,0
7835BG012205,691895.399,5335009.116,142,1
7835BG012207,691427.184,5335569.305,143,1
7835BG011892,690953.129,5335304.611,144,0
7835BG011893,690952.154,5335329.593,145,0
7835BG011894,690972.554,5335345.401,146,3
7835BG011992,690164.146,5335519.016,147,3
7835BG011993,690156.02,5335547.722,148,3
7835BG012017,690504.599,5335514.287,149,3
7835BG011943,690581.746,5334947.849,150,2
7835BG011944,690543.969,5334941.371,151,4
7835BG011945,690017.317,5335537.305,152,3
7835BG011947,690037.507,5335584.129,153,2
7835BG011948,690243.458,5334999.701,154,0
7835BG011996,690482.985,5335606.517,155,4
7835BG012018,690209.916,5334910.323,156,2
7835BG012019,691343.05,5335571.025,157,1
7835BG012020,691252.315,5335895.744,158,1
7835BG012042,690166.042,5335085.75,159,3
7835BG012044,690096.346,5334973.945,160,2
7835BG012045,690121.586,5334993.944,161,1
7835BG012463,691591.243,5334570.909,162,2
7835BG011896,690991.165,5335330.114,163,2
7835BG011897,690998.082,5335332.386,163,2
7835BG011898,690834.733,5335543.183,165,4
7835BG011899,690788.235,5335529.359,166,4
7835BG011997,690461.703,5335587.673,167,0
7835BG011998,690477.043,5335579.264,168,0
7835BG012022,691283.171,5335977.012,169,0
7835BG012023,691352.291,5335949.686,170,4
7835BG011949,690228.391,5335001.114,171,0
7835BG011950,690515.317,5335932.034,172,3
7835BG011952,690325.183,5335726.459,173,1
7835BG011953,690319.851,5335709.237,174,4
7835BG011954,690312.754,5335685.942,175,1
7835BG012464,691577.823,5334581.394,176,2
7835BG012465,691570.853,5334606.142,177,2
7835BG012000,691315.416,5335638.001,178,0
7835BG012001,691343.942,5335625.103,179,1
7835BG012002,691293.525,5335609.124,180,1
7835BG012024,691319.164,5335875.335,181,1
7835BG012025,691276.498,5335814.623,182,3
7835BG012028,690582.283,5335703.466,183,3
7835BG012468,691896.121,5334195.497,184,1
7835BG012469,691865.846,5334176.301,185,2
7835BG012397,690084.626,5334556.16,186,2
7835BG012398,690109.364,5334512.09,187,0
7835BG012847,691002.688,5335342.573,188,0
7835BG010387,691741.243,5335343.371,189,2
7835BG012116,691686.678,5335869.661,190,4
7835BG012117,691680.901,5335889.452,191,2
7835BG012560,691663.199,5334419.595,192,0
7835BG012561,691647.898,5334427.004,193,0
7835BG012119,691675.569,5335872.23,194,0
7835BG012120,691689.364,5335877.772,195,3
7835BG012301,690111.743,5334656.296,196,1
7835BG012302,690873.147,5334687.005,197,4
7835BG012303,690868.565,5334701.838,198,4
7835BG012305,690919.933,5334872.976,199,3
7835BG012306,690730.948,5334740.503,200,1
7835BG012309,690257.618,5334072.524,201,0
7835BG012311,690324.569,5334075.136,202,0
7835BG012312,690297.55,5334075.083,203,1
7835BG012848,690099.593,5335557.529,204,4
7835BG012849,690798.291,5335553.77,205,2
7835BG012850,690818.384,5335500.512,206,0
7835BG012852,690376.005,5335501.263,207,3
7835BG012853,690333.329,5335389.511,208,3
7835BG012854,690379.139,5335395.302,209,3
7835BG012131,691493.92,5335269.669,210,4
7835BG012132,691503.782,5335299.077,211,1
7835BG012133,691519.317,5335285.672,212,3
7835BG012134,691511.532,5335254.344,213,0
7835BG012136,691477.839,5335297.064,214,4
7835BG012383,690181.41,5334820.14,215,4
7835BG012313,690341.23,5334109.813,216,3
7835BG012314,690608.818,5334715.722,217,2
7835BG012385,690230.715,5334762.017,218,4
7835BG012386,690864.596,5334444.48,219,0
7835BG012387,690832.945,5334409.218,220,3
7835BG012388,690852.59,5334470.032,221,3
7835BG012862,691034.031,5335308.769,222,3
7835BG012864,691064.735,5335316.972,223,1
7835BG012865,691024.326,5335275.364,224,3
7835BG012866,690985.067,5335306.858,225,1
7835BG012489,691536.974,5334499.737,226,1
7835BG012490,691521.142,5334495.116,227,2
7835BG012491,691537.364,5334489.744,226,1
7835BG012541,691785.42,5334903.744,229,1
7835BG012542,691816.71,5334896.959,230,0
7835BG012543,691817.528,5334875.974,231,0
7835BG012544,691798.011,5334863.203,232,0
7835BG010373,691525.039,5335498.064,233,0
7835BG012145,691750.685,5335639.975,234,0
7835BG012147,691771.334,5335623.767,235,2
7835BG012324,691134.14,5334435.982,236,1
7835BG012389,690849.753,5334388.858,237,1
7835BG012337,690595.94,5334789.278,238,2
7835BG012339,690610.476,5334775.834,239,3
7835BG012340,690593.449,5334776.17,240,0
7835BG012391,690827.462,5334524.095,241,2
7835BG012392,690265.324,5334798.395,242,2
7835BG012394,690990.0,5334180.16,243,3
7835BG012441,691886.985,5334865.674,244,3
7835BG012442,691892.318,5334882.895,245,4
7835BG012443,691886.751,5334871.669,246,1
7835BG012446,691901.779,5334871.255,247,1
7835BG012869,690651.018,5335198.748,248,0
7835BG010380,690794.912,5334999.201,249,1
7835BG012148,691757.734,5335613.228,250,3
7835BG010600,690543.653,5335436.749,251,0
7835BG010601,690423.536,5335591.187,252,0
7835BG010603,690360.056,5335704.801,253,1
7835BG010604,690512.256,5335292.411,254,0
7835BG010606,690511.54,5335541.58,255,1
7835BG010607,690550.506,5335209.838,256,2
7835BG010614,690484.34,5335110.179,257,2
7835BG010615,690442.122,5334935.396,258,1
7835BG010618,690536.067,5334913.041,259,4
7835BG010619,690558.407,5335033.007,260,0
7835BG010610,690399.7,5335330.052,261,4
7835BG010611,690478.909,5334992.875,262,2
7835BG010612,690425.154,5335241.975,263,1
7835BG010394,691556.022,5335217.049,264,1
7835BG010395,691457.649,5335045.077,265,0
7835BG010396,691365.931,5335754.063,266,3
7835BG010401,691850.31,5335087.42,267,3
7835BG010882,690604.613,5335362.067,268,3
7835BG010883,690520.387,5335186.645,269,4
7835BG010641,690878.015,5334433.995,270,1
7835BG010642,691015.003,5334488.379,271,0
7835BG010643,690888.271,5334376.349,272,4
7835BG010645,690929.446,5334423.992,273,0
7835BG010683,691515.226,5334005.497,274,1
7835BG010684,691645.552,5334153.696,275,0
7835BG011118,690481.546,5335976.753,276,1
7835BG011120,690566.495,5335620.785,277,2
7835BG010648,691042.924,5334388.388,278,2
7835BG010649,690990.552,5334294.272,279,1
7835BG010650,690831.234,5334376.126,280,3
7835BG010998,690893.759,5334389.574,281,4
7835BG011123,690560.815,5335945.819,282,4
7835BG010652,690569.993,5334659.164,283,0
7835BG010653,690913.262,5334428.365,284,4
7835BG010654,690893.121,5334431.582,285,1
7835BG011124,690576.088,5335580.127,286,4
7835BG011125,690577.481,5335903.436,287,2
7835BG011127,690507.888,5335814.652,288,4
7835BG011128,690593.051,5335760.931,289,2
7835BG010656,690602.413,5334623.4,290,3
7835BG010658,691032.082,5334255.861,291,0
7835BG010620,690498.631,5334846.529,292,1
7835BG010660,691076.908,5334235.592,293,4
7835BG010661,691084.126,5334178.829,294,2
7835BG010622,690545.494,5334825.34,295,0
7835BG010623,690642.804,5334973.25,296,3
7835BG010625,690688.112,5334914.971,297,4
7835BG010626,690518.343,5334649.142,298,0
7835BG010662,691119.125,5334205.214,299,1
7835BG010664,691214.578,5334169.907,300,3
7835BG010665,691162.903,5334134.865,301,2
7835BG010667,690672.171,5334554.065,302,0
7835BG010824,690636.019,5335557.446,303,2
7835BG010832,690657.974,5335610.344,304,2
7835BG010629,690604.011,5334582.43,305,1
7835BG010630,690777.056,5334764.32,306,0
7835BG010669,691385.541,5334225.616,307,3
7835BG010671,691356.844,5334063.369,308,1
7835BG010672,691280.675,5334117.442,309,2
7835BG010631,690647.501,5334545.096,310,0
7835BG010633,690707.886,5334536.443,311,2
7835BG010634,690802.408,5334653.22,312,4
7835BG010635,690771.908,5334485.899,313,3
7835BG010639,690851.849,5334489.018,314,3
7835BG010673,690498.442,5335184.788,315,4
7835BG010675,691094.412,5334274.305,316,2
7835BG010676,691402.113,5334006.088,317,1
7835BG010677,691046.925,5334311.483,318,4
7835BG010680,691001.125,5334356.734,319,3
7835BG010682,691226.856,5334137.36,320,4
7835BG010836,690687.172,5335631.499,321,1
7835BG010886,690534.386,5335238.232,322,2
7835BG010799,690519.597,5334950.428,323,0
7835BG010890,690551.203,5335268.911,324,3
7835BG010891,690535.308,5335240.269,325,4
7835BG010893,690530.638,5335206.06,326,1
7835BG010989,691159.033,5334182.752,327,0
7835BG010990,691073.573,5334218.449,328,0
7835BG010994,691051.589,5334217.591,329,1
7835BG010995,690929.912,5335720.034,330,0
7835BG010997,690854.773,5334414.073,331,1
7835BG009076,691704.163,5335601.13,332,0
7835BG009077,691547.521,5335640.053,333,0
7835BG009078,691473.443,5335666.185,334,1
7835BG009080,691161.353,5335739.073,335,4
7835BG009250,691618.379,5334567.965,336,0
7835BG009251,691595.299,5334672.148,337,4
7835BG009253,691723.587,5335026.431,338,1
7835BG009254,691663.3,5335135.167,339,4
7835BG009255,691743.212,5335190.326,340,2
7835BG010957,691227.87,5334111.379,341,1
7835BG010963,690673.06,5335711.011,342,3
7835BG010964,690663.609,5335568.53,343,1
7835BG010966,690867.177,5335942.763,344,2
7835BG009257,690884.151,5334251.09,345,2
7835BG009258,691004.024,5334256.768,346,0
7835BG009260,691033.735,5334393.034,347,1
7835BG009261,691114.14,5334461.222,348,1
7835BG008556,691500.364,5335155.83,349,4
7835BG011103,690696.429,5335778.976,350,1
7835BG011105,690674.84,5335691.065,351,3
7835BG008621,691742.72,5335177.297,352,2
7835BG008623,691660.603,5334870.852,353,1
7835BG009091,691886.743,5335230.955,354,1
7835BG009095,691464.654,5335301.553,355,3
7835BG009097,691313.71,5335322.685,356,2
7835BG009098,691215.572,5335349.88,357,0
7835BG009262,691280.181,5334591.799,358,4
7835BG009264,691054.692,5334651.054,359,4
7835BG009265,690708.181,5334144.145,360,4
7835BG009269,690767.065,5335174.253,361,0
7835BG009270,690902.176,5335148.501,362,1
7835BG009272,690958.822,5335158.718,363,2
7835BG009273,690994.791,5335237.182,364,3
7835BG009274,691077.326,5335481.593,365,4
7835BG009276,691001.011,5334975.218,366,0
7835BG011048,690716.789,5336000.945,367,3
7835BG011109,690360.099,5335831.903,368,4
7835BG009277,691022.2,5335022.081,369,1
7835BG009280,691269.62,5335401.028,370,1
7835BG009281,691601.545,5335461.017,371,4
7835BG009283,691231.472,5335916.948,372,0
7835BG011091,690695.093,5335967.072,373,1
7835BG010983,691893.986,5334096.335,374,3
7835BG010985,690381.752,5335328.351,375,3
7835BG009285,691494.783,5335170.624,376,3
7835BG009287,690793.834,5334795.999,377,4
7835BG009288,690858.196,5334480.259,314,3
7835BG011061,690772.875,5335230.524,379,4
7835BG011062,690759.368,5335191.967,380,0
7835BG011064,690663.321,5335191.222,381,2
7835BG011066,690713.806,5335359.323,382,4
7835BG011068,690934.845,5335285.883,383,3
7835BG011112,690440.665,5335819.034,384,4
7835BG011116,690504.169,5335730.441,385,0
7835BG008587,691864.866,5335791.547,386,3
7835BG008589,691856.862,5335740.194,387,2
7835BG009242,691700.561,5335719.083,388,0
7835BG009245,691153.233,5334382.684,389,2
7835BG009246,691295.91,5334368.235,390,3
7835BG009247,691511.709,5334454.716,391,3
7835BG009249,691555.654,5334636.574,392,3
7835BG008591,691695.837,5335711.893,393,0
7835BG008593,691663.685,5335612.561,394,1
7835BG008594,691820.118,5335604.654,395,1
7835BG008596,691789.155,5335577.425,396,4
7835BG008597,691783.686,5335461.119,397,2
7835BG008598,691708.131,5335448.163,398,1
7835BG008600,691508.879,5334706.806,399,0
7835BG008601,691742.126,5335346.408,189,2
7835BG008602,691763.968,5335325.243,401,0
7835BG008607,691693.322,5335263.439,402,2
7835BG011098,690679.782,5335923.441,403,4
7835BG009614,690254.523,5335895.836,404,3
7835BG009146,690421.713,5335484.032,405,0
7835BG009147,690376.668,5335689.437,406,2
7835BG008734,691658.741,5334764.695,407,1
7835BG008736,691446.358,5334616.297,408,1
7835BG008667,690347.718,5334123.076,409,0
7835BG008668,690360.19,5334572.916,410,3
7835BG008669,690150.384,5334768.891,411,3
7835BG008738,691488.161,5334570.891,412,3
7835BG009203,690576.12,5334630.38,413,3
7835BG009204,690518.187,5334653.139,414,0
7835BG009205,690357.783,5334685.911,415,3
7835BG009207,690199.908,5334730.791,416,4
7835BG009208,690093.206,5334746.644,417,4
7835BG009209,689997.223,5334769.92,418,0
7835BG009148,690355.897,5335785.703,419,3
7835BG009150,690291.096,5335856.231,420,1
7835BG009151,690361.362,5335363.584,421,4
7835BG009152,690407.265,5335341.356,422,1
7835BG009465,690096.57,5335942.714,423,3
7835BG008626,691844.991,5334839.015,424,3
7835BG008627,691718.673,5334947.176,425,3
7835BG008628,691736.32,5335213.075,426,4
7835BG008630,691750.709,5335049.507,427,1
7835BG008631,691670.485,5335207.504,428,1
7835BG008632,691500.928,5334628.434,429,3
7835BG009161,691757.537,5334797.573,430,1
7835BG009162,691520.885,5334886.417,431,0
7835BG009163,691380.763,5334937.994,432,1
7835BG009218,691900.56,5334646.028,433,4
7835BG009219,691844.069,5334631.815,434,1
7835BG009220,691782.333,5334649.422,435,0
7835BG009222,691649.347,5334723.296,436,3
7835BG009223,690457.661,5334844.93,437,2
7835BG009099,691078.062,5335334.506,438,4
7835BG009101,690901.382,5335399.668,439,4
7835BG009102,690801.206,5335427.785,440,4
7835BG009103,690717.862,5335460.561,441,1
7835BG009165,691194.362,5334995.772,442,0
7835BG009166,690368.927,5334964.565,443,2
7835BG009167,690533.908,5334994.021,444,2
7835BG009169,690121.81,5334936.908,445,1
7835BG009171,691095.41,5334966.892,446,4
7835BG009173,691718.692,5334638.932,447,0
7835BG009105,690531.876,5335533.366,448,1
7835BG009108,690283.687,5335635.769,449,1
7835BG009109,690179.047,5335675.72,450,2
7835BG009110,690080.519,5335712.908,451,2
7835BG011364,690914.41,5334988.852,452,0
7835BG011365,690873.528,5335036.295,453,0
7835BG011367,690862.141,5334917.758,454,3
7835BG008502,691582.128,5334855.78,455,4
7835BG008504,691661.563,5334871.89,353,1
7835BG008505,691667.715,5334868.127,457,4
7835BG008634,691315.886,5334523.136,458,4
7835BG008635,691510.437,5334461.672,459,2
7835BG008636,691372.689,5334529.356,460,2
7835BG008638,691194.8,5334625.497,461,0
7835BG008639,691294.58,5334479.271,462,4
7835BG008641,691215.159,5334437.141,463,3
7835BG008642,691505.324,5334464.475,464,2
7835BG009224,690339.683,5334611.147,465,0
7835BG008643,691438.222,5334593.962,466,2
7835BG008645,691459.27,5334618.802,467,3
7835BG008646,691134.418,5334351.926,468,2
7835BG008647,691191.58,5334195.031,469,2
7835BG008893,691487.557,5334688.961,470,1
7835BG008894,691461.971,5334600.893,471,3
7835BG008895,691617.151,5334702.023,472,4
7835BG009174,691857.118,5334528.241,473,2
7835BG009176,691316.277,5334718.306,474,0
7835BG009177,691197.764,5334754.714,475,2
7835BG009178,691108.814,5334777.264,476,0
7835BG009228,691708.93,5335325.096,477,3
7835BG009230,691770.573,5335540.671,478,2
7835BG009231,691800.493,5335645.922,479,0
7835BG009232,691831.022,5335761.204,480,1
7835BG009291,691666.226,5334367.671,481,4
7835BG009292,691219.91,5335905.489,482,4
7835BG009121,691836.3,5334984.792,483,3
7835BG009189,691836.755,5334306.271,484,3
7835BG009190,691764.208,5334344.473,485,4
7835BG008506,691636.367,5334773.83,486,4
7835BG009123,691648.291,5335032.5,487,0
7835BG009124,691553.062,5335010.77,488,4
7835BG009125,691441.115,5335058.443,489,1
7835BG009127,691245.798,5335113.871,490,1
7835BG008649,690959.115,5334150.933,491,3
7835BG008650,690949.265,5334377.728,492,0
7835BG008653,690858.453,5334294.122,493,4
7835BG008654,690748.28,5334398.91,494,1
7835BG008656,690814.124,5334250.359,495,1
7835BG008657,691347.059,5334519.349,496,1
7835BG008661,690852.597,5334110.749,497,3
7835BG008663,691685.161,5334805.757,498,3
7835BG008664,690761.947,5334151.247,499,4
7835BG009192,691554.371,5334387.326,500,2
7835BG009193,691435.896,5334422.736,501,0
7835BG009195,691335.486,5334456.848,502,2
7835BG009196,691272.844,5334446.398,503,4
7835BG009197,691167.438,5334480.315,504,0
7835BG009128,691079.802,5335110.397,505,0
7835BG009129,690990.584,5335062.88,506,3
7835BG009131,690784.501,5335060.844,507,2
7835BG009132,690692.358,5335088.273,508,3
7835BG009136,690309.761,5335198.442,509,2
7835BG009137,690235.839,5335220.577,510,3
7835BG009139,690009.016,5335262.766,511,0
7835BG009144,690460.294,5335290.384,512,0
7835BG009199,690953.434,5334553.029,513,2
7835BG009200,690861.759,5334568.467,514,1
7835BG009201,690807.058,5334585.348,515,0
7835BG010159,690856.721,5335056.656,516,2
7835BG010160,690715.024,5334969.063,517,2
7835BG010162,690714.4,5334985.051,518,2
7835BG010163,690693.079,5334967.205,519,0
7835BG009788,690246.451,5335897.523,520,4
7835BG010164,690677.895,5334971.617,521,2
7835BG009492,690022.249,5335923.801,522,3
7835BG010132,691398.682,5335402.061,523,2
7835BG010133,691405.278,5335361.286,524,2
7835BG010134,691700.712,5335381.821,525,3
7835BG010136,691341.612,5335325.775,526,3
7835BG010137,691262.669,5335322.694,527,3
7835BG010138,691446.116,5335391.902,528,3
7835BG009497,690177.624,5335404.452,529,0
7835BG010169,690391.276,5334930.409,530,4
7835BG010140,691254.977,5335263.348,531,3
7835BG010170,690351.603,5334946.876,532,3
7835BG010171,690458.709,5334895.011,533,2
7835BG010173,690655.833,5334972.758,534,4
7835BG010174,690585.041,5334965.992,535,4
7835BG010175,690567.976,5334967.328,536,4
7835BG010177,690237.467,5334922.406,537,0
7835BG010179,690254.742,5334890.054,538,2
7835BG009502,689945.784,5335959.847,539,0
7835BG010141,691319.911,5335368.963,540,4
7835BG010143,691268.562,5335299.906,541,1
7835BG009470,690044.229,5335796.558,542,3
7835BG009511,689981.382,5335945.224,543,4
7835BG009513,690163.584,5335969.348,544,3
7835BG010144,691166.68,5335217.869,545,2
7835BG010145,691650.553,5335384.868,546,3
7835BG009474,690047.684,5335938.805,547,2
7835BG009517,689912.199,5335948.529,548,3
7835BG009520,690350.998,5335885.59,549,2
7835BG010117,691894.288,5335345.34,550,1
7835BG010149,691058.891,5335184.64,551,3
7835BG010118,691819.947,5335224.345,552,3
7835BG010119,691837.929,5335302.108,553,4
7835BG009524,690016.254,5335923.567,554,3
7835BG010151,691056.6,5335089.475,555,0
7835BG010152,690972.217,5335123.212,556,4
7835BG009484,690018.408,5335919.648,557,2
7835BG009528,690350.881,5335888.588,549,2
7835BG010121,691802.34,5335367.773,559,3
7835BG010122,691812.05,5335324.116,560,0
7835BG010123,691703.217,5335368.909,561,4
7835BG010125,691636.51,5335411.341,562,3
7835BG010126,691626.259,5335391.926,563,2
7835BG010153,690984.715,5335110.689,564,0
7835BG010155,690918.637,5335060.073,565,0
7835BG010128,691723.1,5335346.666,566,2
7835BG010129,691497.976,5335370.908,567,0
7835BG010130,691460.028,5335394.447,568,2
7835BG007661,690783.423,5334857.641,569,0
7835BG007663,690814.6,5334776.793,570,1
7835BG007664,690859.718,5334851.611,571,1
7835BG007665,690917.69,5334827.853,572,1
7835BG007667,690778.874,5334743.374,573,2
7835BG007668,690854.103,5334790.344,574,1
7835BG007670,690951.432,5334835.174,575,3
7835BG007671,690896.725,5334723.953,576,1
7835BG007672,690900.108,5334791.138,577,3
7835BG007674,690892.225,5334659.727,578,4
7835BG007750,691745.058,5334707.014,579,3
7835BG007752,691811.337,5334675.573,580,2
7835BG007753,691854.852,5334663.26,581,4
7835BG010181,690201.171,5334877.956,582,1
7835BG010182,690629.594,5334952.719,583,1
7835BG010188,690937.803,5335081.837,584,4
7835BG010189,690070.521,5334763.773,585,1
7835BG010190,690020.767,5334730.807,586,2
7835BG010192,690034.902,5334676.316,587,4
7835BG007780,691088.576,5334885.561,588,3
7835BG007781,691823.85,5334637.03,589,3
7835BG010193,689957.832,5334625.271,590,0
7835BG010194,689920.976,5334620.83,591,4
7835BG007782,691861.925,5334661.534,592,0
7835BG010197,689926.314,5334560.992,593,3
7835BG007791,690277.355,5335208.186,594,4
7835BG007792,690224.638,5335251.164,595,4
7835BG007839,690782.252,5334682.458,596,3
7835BG007840,690714.559,5334493.67,597,1
7835BG008111,691280.745,5334269.566,598,4
7835BG008112,691448.852,5334347.181,599,0
7835BG007738,690131.448,5335228.513,600,0
7835BG007740,690433.982,5335195.283,601,2
7835BG007742,690802.994,5335048.555,602,0
7835BG007743,691043.204,5334919.819,603,2
7835BG007745,691170.141,5334872.731,604,4
7835BG007746,691252.846,5334881.963,605,2
7835BG007748,691395.225,5334849.488,606,4
7835BG007837,690991.114,5334664.586,607,2
7835BG007749,691447.787,5334810.506,608,3
7835BG007849,689963.796,5334267.223,609,4
7835BG008189,690785.339,5335552.264,610,0
7835BG008108,691267.52,5334275.054,611,2
7835BG017223,691281.061,5334269.918,598,4
7835BG007778,689985.657,5335245.842,613,0
7835BG007779,690808.873,5335051.787,614,3
7835BG007783,691880.667,5334617.23,615,2
7835BG007838,690699.343,5334832.343,616,1
7835BG007841,690332.787,5334916.118,617,4
7835BG007848,690768.128,5335608.637,618,4
7835BG007858,691707.836,5334532.424,619,2
7835BG008892,691506.378,5334642.658,620,2
7835BG010424,690165.522,5334432.216,621,4
7835BG007741,690629.648,5335130.861,622,2
7835BG007744,691102.863,5334904.133,623,0
7835BG007747,691342.278,5334821.401,624,2
7835BG007751,691749.499,5334670.158,625,1
7835BG009079,691337.4,5335638.859,626,2
7835BG009092,691777.12,5335244.691,627,1
7835BG009093,691665.537,5335257.351,628,2
7835BG009094,691554.642,5335278.043,629,3
7835BG009096,691387.281,5335309.543,630,4
7835BG009100,691015.391,5335376.095,631,2
7835BG009745,690197.628,5335917.635,632,0
7835BG010602,690581.152,5335322.121,633,2
7835BG010605,690407.84,5335480.488,634,2
7835BG010609,690336.341,5335568.77,635,2
7835BG010613,690625.408,5335290.822,636,1
7835BG010621,690601.751,5335050.71,637,3
7835BG010624,690503.959,5334735.65,638,4
7835BG010628,690729.696,5334849.54,639,0
7835BG010632,690658.182,5334758.68,640,2
7835BG008588,691752.045,5335887.224,641,0
7835BG009759,690150.482,5335894.779,642,1
7835BG009770,690094.455,5335945.634,423,3
7835BG008592,691782.574,5335592.18,644,4
7835BG009229,691734.478,5335414.163,645,0
7835BG009233,691849.589,5335823.978,646,0
7835BG009244,690833.926,5334512.338,647,1
7835BG009248,691489.911,5334602.984,648,1
7835BG009252,691796.32,5334932.192,649,0
7835BG009256,691713.683,5335280.246,650,0
7835BG009259,690902.265,5334299.835,651,3
7835BG009263,691483.458,5334665.782,652,0
7835BG009266,690654.11,5334273.139,653,3
7835BG009267,690625.353,5334907.518,654,4
7835BG009268,690674.6,5334953.474,655,4
7835BG010114,691868.307,5335344.326,656,3
7835BG010636,690817.192,5334607.761,657,1
7835BG010638,690853.546,5334548.131,658,1
7835BG010640,690906.59,5334471.138,659,2
7835BG010644,690975.812,5334466.834,660,4
7835BG010647,690735.427,5334497.486,661,3
7835BG010651,691057.62,5334293.886,662,2
7835BG010655,690870.035,5334407.663,663,2
7835BG010659,690530.417,5334775.713,664,4
7835BG010666,691133.358,5334045.643,665,2
7835BG010670,690528.02,5334939.748,666,0
7835BG010674,691328.123,5334081.264,667,4
7835BG008595,691802.721,5335511.902,668,2
7835BG008599,691742.754,5335048.195,669,1
7835BG008603,691729.228,5335317.882,670,1
7835BG008604,691563.124,5335368.446,671,4
7835BG008605,691737.402,5335339.218,672,4
7835BG008606,691751.826,5335251.711,673,2
7835BG008608,691657.699,5335253.042,674,1
7835BG008622,691661.091,5334960.942,675,0
7835BG008625,691477.756,5334965.798,676,4
7835BG008629,691730.524,5335130.784,677,1
7835BG008633,691147.792,5335112.049,678,0
7835BG008637,691465.943,5334576.028,679,4
7835BG008640,691544.701,5334635.146,680,4
7835BG009271,690911.802,5334978.742,681,1
7835BG009275,691039.046,5335000.721,682,4
7835BG009278,691120.768,5335189.056,683,0
7835BG009282,691195.937,5335545.269,684,1
7835BG009286,690863.998,5334895.813,685,1
7835BG009290,691764.247,5334343.474,485,4
7835BG009475,690262.415,5335667.965,687,0
7835BG009483,690053.164,5335285.505,688,1
7835BG010124,691734.102,5335398.136,689,4
7835BG010127,691564.382,5335387.51,690,4
7835BG010135,691353.457,5335381.281,691,3
7835BG010146,691112.11,5335205.732,692,4
7835BG010150,691566.107,5335394.583,693,3
7835BG010154,690955.673,5335085.537,694,3
7835BG010156,690899.782,5335030.314,695,4
7835BG010157,690951.535,5335063.358,696,2
7835BG010158,690878.174,5335045.484,697,2
7835BG010161,690703.033,5334968.595,698,3
7835BG007662,690788.064,5334943.89,699,1
7835BG008644,690982.153,5334329.973,700,3
7835BG008648,691078.999,5334207.652,701,1
7835BG008652,690954.139,5334252.82,702,3
7835BG008655,691604.561,5334947.728,703,3
7835BG008658,691359.635,5334504.827,704,4
7835BG008659,691254.833,5334420.675,705,3
7835BG008660,690921.548,5334318.601,706,3
7835BG008662,691576.986,5334910.623,707,3
7835BG008666,690345.334,5334055.931,708,3
7835BG009661,690293.134,5335855.31,420,1
7835BG009681,690252.5,5335870.738,710,0
7835BG009519,690032.691,5335810.119,711,4
7835BG010165,690665.865,5334972.148,712,3
7835BG010168,690662.619,5335004.047,713,2
7835BG010172,690424.003,5334963.712,714,0
7835BG010180,691028.04,5335026.312,369,1
7835BG010183,690908.205,5335019.634,716,3
7835BG010191,689915.064,5334746.699,717,2
7835BG010378,689955.171,5334642.18,718,2
7835BG010379,690819.363,5334988.146,719,4
7835BG007666,690762.843,5334820.81,720,4
7835BG007669,690857.11,5334841.502,721,4
7835BG007673,690954.429,5334835.291,575,3
7835BG008884,690929.485,5334422.993,273,0
7835BG010988,691309.332,5334075.526,724,1
7835BG010991,690950.825,5334337.758,725,3
7835BG010992,690939.262,5334326.298,726,4
7835BG010993,690980.027,5334281.852,727,4
7835BG010996,690944.074,5334382.53,728,2
7835BG010999,690972.107,5334356.602,729,0
7835BG011003,691300.353,5334049.156,730,4
7835BG011414,690934.58,5334728.433,731,0
7835BG011415,691033.089,5334794.325,732,4
7835BG012090,691449.475,5335228.904,733,2
7835BG012101,691643.333,5335031.306,487,0
7835BG012444,691864.143,5334886.8,735,4
7835BG011895,690976.58,5335293.517,736,3
7835BG012470,691846.25,5334165.529,737,0
7835BG012471,691854.57,5334131.827,738,1
7835BG012851,690336.644,5335509.735,739,2
7835BG011041,690734.767,5335540.283,740,4
7835BG011042,690650.609,5335516.983,741,4
7835BG009104,690638.554,5335492.493,742,2
7835BG009107,690332.705,5335610.661,743,3
7835BG010885,690550.994,5335299.928,744,4
7835BG011067,690806.543,5335367.945,745,2
7835BG011935,690629.751,5335153.883,746,2
7835BG009122,691806.98,5335043.696,747,3
7835BG009126,691328.44,5335099.082,748,2
7835BG009130,690862.015,5335074.877,749,3
7835BG009133,690608.093,5335119.011,750,1
7835BG009134,690488.62,5335154.381,751,3
7835BG009135,690398.296,5335160.864,752,1
7835BG009138,690096.966,5335240.178,753,4
7835BG009789,690242.429,5335872.346,754,1
7835BG012304,690913.537,5334831.694,755,2
7835BG012310,690304.491,5334102.375,756,2
7835BG011940,690590.208,5334936.17,757,0
7835BG011946,690025.608,5335555.643,758,3
7835BG011957,691322.304,5335692.312,759,4
7835BG011960,691350.936,5335009.888,760,0
7835BG011961,691360.67,5334991.253,761,0
7835BG012328,691316.863,5334010.769,762,4
7835BG013058,690932.782,5334851.46,763,2
7835BG013069,690141.211,5334054.973,764,3
7835BG013070,690130.467,5334022.528,765,2
7835BG013080,690205.753,5334863.123,766,1
7835BG013086,690858.005,5334408.195,767,4
7835BG010887,690627.83,5335356.969,768,1
7835BG010888,690697.808,5335717.982,769,2
7835BG010896,690529.068,5335194.99,770,4
7835BG011101,690727.83,5335846.254,771,1
7835BG009145,690440.095,5335397.681,772,0
7835BG009149,690348.493,5335898.503,773,2
7835BG009153,690508.508,5335260.24,774,4
7835BG009160,691879.127,5334759.283,775,2
7835BG011107,690707.806,5335641.311,776,4
7835BG011119,690720.869,5335922.042,777,2
7835BG011126,690586.007,5335505.455,778,4
7835BG011988,690035.444,5335970.352,779,3
7835BG009164,691267.972,5334981.631,780,3
7835BG009168,690243.604,5334944.663,781,4
7835BG009172,691145.442,5334915.802,782,3
7835BG009175,691380.235,5334643.741,783,1
7835BG009179,691035.165,5334792.405,732,4
7835BG009180,690960.44,5334809.505,785,4
7835BG009181,690864.432,5334807.76,786,4
7835BG012338,690610.968,5334788.863,787,1
7835BG011999,691326.189,5335618.405,788,4
7835BG012010,690113.085,5335827.267,789,2
7835BG012015,690469.59,5335436.861,790,3
7835BG012016,690470.014,5335502.93,791,3
7835BG012021,691265.901,5335932.303,792,2
7835BG010522,690451.934,5334914.762,793,1
7835BG012384,690214.722,5334838.454,794,1
7835BG013129,691613.419,5334156.445,795,2
7835BG012545,691776.636,5334872.377,796,1
7835BG013355,691615.012,5334885.085,797,4
7835BG013358,691576.186,5334828.527,798,3
7835BG008500,691620.047,5334884.281,75,0
7835BG008501,691605.863,5334888.731,800,1
7835BG008503,691654.491,5334873.615,76,1
7835BG009191,691658.232,5334367.359,802,1
7835BG009194,691459.123,5334468.677,803,3
7835BG009198,691045.147,5334536.592,804,4
7835BG010962,690715.449,5335650.616,805,2
7835BG010965,690166.444,5334434.254,621,4
7835BG012026,691246.13,5335413.121,807,2
7835BG012032,691406.184,5334979.018,808,3
7835BG009202,690697.928,5334612.115,809,1
7835BG009206,690294.917,5334732.497,810,3
7835BG009210,689909.156,5334795.506,811,0
7835BG009221,691703.791,5334687.39,812,2
7835BG009225,690343.792,5334480.204,813,0
7835BG009226,690357.255,5334391.659,814,4
7835BG009227,690359.325,5334261.638,815,4
7835BG012390,690802.144,5334506.094,816,1
7835BG012043,690065.042,5335006.75,817,2
7835BG012118,691686.054,5335885.65,191,2
7835BG012135,691469.134,5335263.698,819,4
7835BG012146,691738.826,5335610.489,820,0
7835BG012863,691024.18,5335330.402,821,4
7835BG012868,690567.791,5335228.526,822,4
7835BG012874,690053.071,5335518.685,823,1
7835BG012884,690333.972,5335680.765,824,0
7835BG012885,690347.284,5335724.319,825,0
7835BG012895,690324.111,5335651.358,826,4
7835BG012195,691902.302,5335037.407,827,1
7835BG012196,691899.889,5335022.301,828,0
7835BG012901,689969.947,5335366.324,829,0
7835BG012906,690049.77,5335987.924,830,0
7835BG012918,690480.216,5335472.304,831,4
7835BG012923,691328.635,5335914.736,832,1
7835BG011360,690933.601,5334830.475,833,2
7835BG011361,690848.287,5334605.972,834,2
7835BG011362,690534.994,5334632.779,835,2
7835BG011363,690808.298,5335322.978,836,2
7835BG011366,690903.375,5335066.483,837,4
7835BG011380,691042.722,5335162.992,838,3
7835BG011387,691737.577,5335026.977,839,0
7835BG011394,691341.298,5334718.282,840,1
7835BG012206,691446.916,5335679.161,841,0
7835BG012223,691382.86,5335858.806,842,0
7835BG012228,691419.043,5335008.543,843,3
7835BG017258,691636.552,5334773.957,486,4
7835BG007557,691272.515,5334967.797,845,1
7835BG007561,691694.374,5334826.133,846,4
7835BG001711,691528.983,5335730.402,847,0
7835BG001714,691838.256,5335678.42,848,2
7835BG000753,691312.452,5335303.62,849,0
7835BG000784,691720.936,5335709.87,850,3
7835BG002083,691255.127,5334028.376,851,3
7835BG002093,691777.438,5334467.086,852,2
7835BG002099,690313.543,5335716.997,853,2
7835BG002929,691894.839,5335869.778,854,4
7835BG002933,691828.629,5335643.016,855,0
7835BG002934,691807.766,5335562.139,856,3
7835BG002935,691759.362,5335520.218,857,0
7835BG002936,691726.24,5335368.806,858,0
7835BG002939,691499.237,5334697.423,859,3
7835BG002942,691712.732,5335330.249,860,0
7835BG002946,691655.895,5335247.967,861,4
7835BG002970,691729.681,5335126.748,862,2
7835BG002974,691733.565,5335052.841,863,4
7835BG002978,691728.457,5334978.583,864,3
7835BG002981,691600.628,5334971.593,865,0
7835BG002985,691690.688,5334817.983,866,0
7835BG000805,691875.921,5335815.998,867,0
7835BG000825,690153.207,5335696.729,868,3
7835BG000859,690136.532,5335277.75,869,0
7835BG001846,690918.734,5335160.156,870,3
7835BG001850,690981.323,5335197.626,871,3
7835BG002989,691577.78,5334659.455,872,3
7835BG002993,691466.616,5334610.082,873,4
7835BG002996,691361.414,5334484.881,874,1
7835BG003000,691048.895,5334363.601,875,1
7835BG003004,690977.678,5334290.767,876,1
7835BG003005,690924.366,5334297.694,877,4
7835BG003006,690865.345,5334271.373,878,3
7835BG000930,690514.81,5335124.379,879,2
7835BG002816,691597.142,5334881.386,880,2
7835BG002820,691625.278,5334878.48,881,3
7835BG002823,691562.586,5334817.988,882,3
7835BG002827,691688.841,5334890.968,883,2
7835BG002831,691566.077,5334831.135,884,1
7835BG002835,691702.002,5334861.458,885,3
7835BG002839,691574.393,5334874.493,886,2
7835BG002842,691587.588,5334921.045,887,0
7835BG000656,691678.601,5335538.083,888,2
7835BG000686,691396.688,5334914.597,889,3
7835BG000693,690119.4,5334434.42,890,0
7835BG000941,690059.588,5335479.909,891,3
7835BG000942,690843.579,5334983.086,892,2
7835BG000953,690144.574,5334917.781,893,0
7835BG004200,691216.992,5334390.176,894,4
7835BG004204,691664.55,5334615.803,895,2
7835BG004207,691752.63,5335256.746,673,2
7835BG004211,691170.342,5334303.288,897,4
7835BG004215,690989.484,5334347.272,898,0
7835BG004219,691154.141,5334615.904,899,0
7835BG004223,690613.338,5335087.191,900,4
7835BG004226,690811.735,5335157.982,901,1
7835BG004230,691055.216,5335432.693,902,3
7835BG004234,691168.499,5335196.923,903,1
7835BG004238,691669.851,5335377.614,904,0
7835BG007130,690541.946,5335121.434,905,0
7835BG007134,690499.368,5335109.765,906,1
7835BG007138,690930.874,5334413.039,907,3
7835BG007141,690738.776,5334488.61,908,2
7835BG007142,690939.765,5334390.368,909,1
7835BG007143,690935.339,5334401.204,910,0
7835BG007144,690930.148,5334406.005,910,0
7835BG007147,690890.889,5334437.5,285,1
7835BG007150,690868.281,5334452.63,913,3
7835BG007154,690707.199,5334528.41,914,2
7835BG007158,690591.07,5334631.964,915,2
7835BG007162,690927.525,5334421.916,273,0
7835BG007166,690877.04,5334458.977,917,0
7835BG003912,691792.634,5334718.878,918,0
7835BG003940,691848.512,5335825.937,646,0
7835BG003943,690878.564,5335035.491,453,0
7835BG003947,690815.058,5334713.761,921,0
7835BG004249,691435.378,5335487.559,922,2
7835BG005323,689912.426,5334583.468,923,2
7835BG005357,689988.288,5334665.49,924,1
7835BG000218,689910.22,5335229.888,925,1
7835BG003950,690907.345,5334426.132,926,0
7835BG003953,690812.349,5334193.245,927,0
7835BG003970,691889.812,5334690.645,928,0
7835BG003974,690860.942,5334999.776,929,0
7835BG003977,690807.107,5334635.389,930,4
7835BG003980,690696.75,5334103.668,931,2
7835BG005359,689976.038,5334645.997,932,4
7835BG005366,689913.854,5334572.515,933,4
7835BG005370,689941.288,5334587.596,934,0
7835BG005382,689970.135,5334617.745,935,1
7835BG000219,689957.108,5335233.72,936,0
7835BG000223,690103.366,5335204.399,937,0
7835BG000226,690296.536,5335203.931,938,3
7835BG000230,690009.586,5335273.797,939,1
7835BG000233,690227.714,5335249.283,940,4
7835BG000237,690399.461,5335207.947,941,3
7835BG005091,690107.577,5335917.123,942,2
7835BG005099,689995.956,5335930.781,943,2
7835BG007169,690849.397,5334474.912,944,4
7835BG007173,690701.501,5334546.202,945,0
7835BG007177,690655.52,5334570.428,946,2
7835BG007181,690554.297,5334753.626,947,3
7835BG007185,690534.898,5334943.019,948,4
7835BG007189,690712.366,5334498.588,597,1
7835BG007193,690567.087,5334631.028,950,1
7835BG004322,690421.005,5334963.595,714,0
7835BG005385,689922.16,5334564.833,593,3
7835BG005393,689954.976,5334647.177,718,2
7835BG005397,689973.182,5334667.903,954,4
7835BG007196,690529.252,5334728.63,955,0
7835BG007200,690490.271,5334881.23,956,4
7835BG007204,690708.705,5334515.459,957,2
7835BG007207,690673.872,5334536.117,958,0
7835BG007208,690608.345,5334599.612,959,0
7835BG007209,690595.808,5334613.134,960,0
7835BG003990,690848.965,5334973.288,961,4
7835BG004001,690894.854,5334977.08,962,3
7835BG004004,690903.811,5334491.046,963,2
7835BG004007,690688.834,5334101.357,964,3
7835BG004011,690847.878,5334924.207,965,3
7835BG004014,690822.539,5334598.962,966,0
7835BG004018,690663.413,5334060.334,967,2
7835BG000240,690488.088,5335142.351,968,1
7835BG000244,690547.616,5335155.682,969,1
7835BG000247,690623.964,5335122.633,970,0
7835BG000251,690685.948,5335073.011,971,1
7835BG000254,690762.478,5335060.985,972,2
7835BG000258,690841.834,5334873.932,973,1
7835BG000261,690910.038,5334972.669,681,1
7835BG000265,690994.732,5334930.938,975,2
7835BG000268,691081.332,5334917.304,976,0
7835BG000271,691142.678,5334909.689,977,4
7835BG000275,691309.483,5334841.138,978,4
7835BG000278,691465.944,5334781.191,979,2
7835BG000282,691576.098,5334779.484,980,2
7835BG000285,691643.752,5334764.11,981,1
7835BG000287,691694.354,5334724.051,982,2
7835BG000288,691720.52,5334669.027,983,3
7835BG000289,691771.99,5334658.025,984,2
7835BG004024,690830.08,5334585.246,985,2
7835BG004027,690729.697,5334156.994,986,3
7835BG004031,690839.581,5334572.606,987,4
7835BG004034,690736.497,5334162.264,988,0
7835BG004038,690714.138,5334145.379,989,0
7835BG004041,690695.815,5334127.65,990,2
7835BG004044,690678.491,5334109.961,991,0
7835BG004045,690840.76,5334593.669,992,2
7835BG004046,690851.625,5334546.055,658,1
7835BG004047,690705.666,5334106.017,994,3
7835BG004048,690848.262,5334580.951,995,3
7835BG004051,690816.724,5334619.752,996,0
7835BG005103,690044.726,5335937.688,547,2
7835BG000290,691827.808,5334638.186,589,3
7835BG005144,690446.455,5334952.578,999,0
7835BG005148,690398.997,5334937.716,530,4
7835BG005151,690369.965,5334963.605,443,2
7835BG005155,690337.666,5334919.311,617,4
7835BG001081,691547.438,5335308.787,1003,0
7835BG002420,690871.774,5334183.554,1004,0
7835BG002170,690041.941,5334598.529,1005,4
7835BG002171,690052.26,5334564.905,1006,4
7835BG004054,690819.308,5334604.841,657,1
7835BG004083,691787.399,5335006.903,1008,2
7835BG000314,691591.796,5334197.635,1009,0
7835BG000620,691696.529,5334129.664,1010,4
7835BG000630,691252.564,5334145.369,1011,3
7835BG000653,691323.988,5334469.41,1012,0
7835BG000654,691050.029,5335155.271,1013,2
7835BG000655,690847.131,5334609.93,834,2
7835BG004102,690397.287,5335520.108,1015,2
7835BG004106,690236.697,5335403.755,1016,4
7835BG004110,690565.973,5335249.472,1017,2
7835BG001141,690799.976,5334741.195,1018,1
7835BG001411,690793.294,5334938.09,1019,0
7835BG001432,691553.753,5334736.579,1020,4
7835BG007046,690621.396,5335521.848,1021,2
7835BG007050,690571.949,5335557.948,1022,3
7835BG007054,690553.338,5335368.073,1023,2
7835BG007058,690511.501,5335747.74,1024,0
7835BG007062,690693.514,5335699.8,1025,3
7835BG007065,690705.407,5335805.347,1026,2
7835BG007077,690645.807,5335511.792,1027,2
7835BG007081,690718.544,5335545.654,1028,1
7835BG007082,690696.526,5335879.059,1029,0
7835BG007084,690607.07,5335504.275,1030,3
7835BG007088,690509.521,5335029.097,1031,1
7835BG007092,690522.385,5334981.562,1032,0
7835BG007096,690530.852,5335097.983,1033,0
7835BG007099,690537.301,5335112.246,1034,0
7835BG007103,690529.789,5335073.923,1035,1
7835BG007107,690528.838,5334918.764,1036,2
7835BG003848,690012.023,5335108.763,1037,1
7835BG003851,691820.825,5335714.769,1038,4
7835BG003854,691660.01,5335450.288,1039,0
7835BG003858,691354.778,5335424.366,1040,0
7835BG004133,690050.019,5334930.104,1041,3
7835BG004137,690452.465,5334926.792,1042,0
7835BG004141,691322.522,5334891.687,1043,4
7835BG004145,691410.629,5334865.101,1044,2
7835BG004148,691685.418,5334619.62,1045,3
7835BG004152,691812.696,5334512.497,1046,2
7835BG000399,690969.531,5334909.939,1047,4
7835BG003865,690951.662,5335111.401,1048,0
7835BG003868,690746.728,5334977.305,1049,1
7835BG003871,690807.761,5334772.523,1050,1
7835BG003875,690885.059,5334484.309,1051,3
7835BG003878,690819.9,5334230.569,1052,1
7835BG003881,690587.976,5334044.381,1053,1
7835BG003909,691667.242,5334752.016,1054,3
7835BG004174,691870.206,5334628.831,1055,3
7835BG004178,691764.137,5334679.736,1056,1
7835BG004182,691359.245,5334514.82,1057,1
7835BG004185,690495.395,5335134.63,1058,0
7835BG004189,691782.116,5335860.375,1059,3
7835BG004196,691096.538,5334322.426,1060,1
7835BG004197,691084.918,5334415.046,1061,2
7835BG004198,691103.66,5334370.742,1062,2
7835BG005244,691039.066,5335102.802,1063,0
7835BG005248,691071.74,5335163.124,1064,1
7835BG005252,690671.9,5334971.383,521,2
7835BG005256,690649.097,5334991.51,1066,4
7835BG005259,690699.075,5334967.439,519,0
7835BG005263,690619.743,5334974.352,1068,4
7835BG005267,690606.494,5334954.82,1069,0
7835BG005271,690696.467,5334957.33,1070,0
7835BG005275,690571.091,5334964.447,1071,0
7835BG005278,690568.483,5334954.337,1072,3
7835BG005282,690548.029,5334965.549,1073,2
7835BG005284,690751.139,5334992.489,1074,4
7835BG005285,690735.931,5334971.88,1075,0
7835BG005286,690690.067,5334993.108,1076,3
7835BG005288,690969.141,5335125.094,1077,4
7835BG005292,690685.968,5334969.93,1078,3
7835BG002248,691300.21,5334514.518,1079,2
7835BG002282,691254.563,5335658.644,1080,3
7835BG007111,690533.377,5334981.99,1081,0
7835BG007115,690538.875,5335046.255,1082,3
7835BG007119,690481.415,5334979.963,1083,1
7835BG007122,690496.506,5335003.57,1084,1
7835BG007126,690545.602,5334976.463,1085,4
7835BG006546,691097.839,5334263.43,1086,1
7835BG006550,691135.138,5334230.859,1087,0
7835BG006554,691170.283,5334202.206,1088,2
7835BG006558,691216.615,5334168.986,300,3
7835BG006559,691225.959,5334160.343,1090,0
7835BG006560,691236.147,5334155.737,1091,1
7835BG006561,691247.529,5334146.173,1092,3
7835BG006564,691267.607,5334118.934,1093,4
7835BG006568,691306.359,5334100.43,1094,4
7835BG006571,691330.044,5334083.34,1095,2
7835BG006575,691370.419,5334048.887,1096,3
7835BG006579,690938.717,5334340.288,1097,4
7835BG006582,690975.407,5334297.684,876,1
7835BG006586,691015.406,5334247.204,1099,4
7835BG006590,691045.321,5334224.352,1100,4
7835BG006594,690933.096,5334356.081,1101,1
7835BG006597,690982.168,5334303.953,1102,0
7835BG006601,691017.39,5334273.302,1103,2
7835BG006605,691050.576,5334243.572,1104,1
7835BG005441,689988.546,5334684.515,1105,3
7835BG005445,689967.747,5334627.659,1106,4
7835BG005449,689975.429,5334635.965,1107,3
7835BG006460,691222.664,5334142.201,1108,3
7835BG006464,691134.88,5334211.833,1109,1
7835BG006468,691088.884,5334262.08,1110,3
7835BG006471,690945.141,5334329.529,1111,1
7835BG003524,690086.681,5335349.863,1112,3
7835BG003527,690104.916,5335318.549,1113,1
7835BG003530,690104.161,5335363.555,1114,3
7835BG003534,690074.977,5335316.38,1115,2
7835BG003537,690092.818,5335372.12,1116,4
7835BG003540,690095.474,5335432.27,1117,0
7835BG003541,690139.262,5335412.963,1118,1
7835BG003542,690101.835,5335397.491,1119,1
7835BG003543,690160.612,5335378.768,1120,0
7835BG003544,690118.15,5335364.101,1121,1
7835BG004349,691796.315,5335009.253,1122,0
7835BG004368,690493.664,5334999.456,1123,3
7835BG004386,690518.597,5334950.389,323,0
7835BG004390,691242.221,5334153.972,1125,0
7835BG004394,690524.598,5334873.563,1126,0
7835BG005516,691541.837,5335426.662,1127,1
7835BG006475,691115.684,5334242.109,1128,1
7835BG006479,691081.724,5334214.763,1129,0
7835BG006483,691120.359,5334199.257,1130,2
7835BG006486,691147.846,5334187.32,1131,0
7835BG006490,691105.667,5334216.698,1132,1
7835BG006493,691139.15,5334204.994,1133,4
7835BG006494,691142.304,5334201.114,1134,1
7835BG006495,691146.34,5334200.271,1134,1
7835BG006498,690963.308,5334351.255,1136,2
7835BG006501,691037.439,5334298.103,1137,2
7835BG006505,691073.661,5334267.491,1138,2
7835BG006509,691108.923,5334235.841,1139,0
7835BG006513,691157.488,5334196.703,1140,3
7835BG006998,690645.802,5335588.852,1141,0
7835BG007002,690709.994,5335713.453,1142,1
7835BG007005,690688.308,5335730.621,1143,2
7835BG007009,690608.747,5335461.307,1144,2
7835BG007013,690391.881,5335838.147,1145,1
7835BG007017,690531.286,5335215.092,1146,1
7835BG007019,690581.459,5335391.187,1147,3
7835BG007020,690700.392,5335703.071,1148,0
7835BG007021,690529.107,5335193.991,770,4
7835BG007024,690708.941,5335740.434,1150,3
7835BG007028,690643.0,5335583.739,1141,0
7835BG007031,690540.124,5335219.44,1152,4
7835BG007035,690608.752,5335589.408,1153,1
7835BG007039,690555.8,5335228.058,1154,4
7835BG007043,690681.269,5335603.246,1155,0
7835BG006516,691197.941,5334160.251,1156,2
7835BG006520,691217.512,5334146.003,1157,2
7835BG006524,691257.77,5334114.547,1158,2
7835BG006528,691290.76,5334089.814,1159,2
7835BG006531,691324.945,5334060.123,1160,3
7835BG006535,691348.552,5334045.031,1161,3
7835BG006539,691009.431,5334349.051,1162,1
7835BG003603,690065.818,5335474.147,1163,4
7835BG003604,690173.963,5335421.322,1164,4
7835BG003615,690543.794,5335048.449,1165,0
7835BG003618,691143.224,5334895.699,1166,4
7835BG003622,691496.727,5334787.396,1167,4
7835BG003625,691696.469,5334721.131,982,2
7835BG005519,691686.854,5335352.257,1169,2
7835BG005523,691757.115,5335346.993,1170,0
7835BG005527,691502.509,5335306.033,1171,1
7835BG005531,691415.451,5335382.699,1172,3
7835BG005534,691565.186,5335392.545,693,3
7835BG005549,691246.515,5335275.027,1174,0
7835BG005553,691646.361,5335389.708,1175,1
7835BG005561,691690.89,5335351.414,1176,0
7835BG005564,691419.058,5335392.848,1177,4
7835BG007515,691601.778,5334839.533,1178,0
7835BG007530,691284.931,5334136.624,1179,1
7835BG015004,691283.005,5335929.968,1,0
7835BG017470,690407.778,5335039.939,1181,3
7835BG000964,690005.199,5335283.634,1182,0
7835BG000651,691735.452,5335389.181,1183,3
7835BG000652,691478.468,5335409.177,1184,3
7835BG000657,691496.631,5335507.964,1185,0
7835BG000674,690262.742,5335223.628,1186,1
7835BG000816,691391.814,5335449.831,1187,3
7835BG001412,690765.226,5334887.956,1188,0
7835BG000824,690021.119,5335747.619,1189,2
7835BG001296,690964.223,5334917.738,1047,4
7835BG001298,690186.934,5335730.071,1191,0
7835BG000220,689998.935,5335213.334,1192,2
7835BG000221,690061.202,5335207.758,1193,2
7835BG000222,690083.756,5335219.647,1194,2
7835BG000224,690195.557,5335227.012,1195,4
7835BG000225,690240.187,5335211.74,1196,0
7835BG000227,690035.128,5335234.762,1197,0
7835BG000228,689937.327,5335278.984,1198,1
7835BG000229,689960.661,5335270.887,1199,4
7835BG000231,690060.432,5335278.784,35,0
7835BG000232,690168.484,5335253.977,1201,1
7835BG000234,690278.301,5335235.244,1202,0
7835BG000235,690324.93,5335220.05,1203,3
7835BG000236,690351.238,5335187.05,1204,3
7835BG000238,690393.987,5335168.703,752,1
7835BG000239,690442.497,5335156.585,1206,4
7835BG000241,690501.401,5335185.904,1207,2
7835BG000242,690530.472,5335159.017,1208,2
7835BG000243,690543.024,5335119.475,1209,3
7835BG000826,690262.508,5335639.947,1210,3
7835BG001438,691466.701,5335556.836,1211,0
7835BG001446,690096.117,5335928.685,1212,4
7835BG000245,690574.532,5335132.714,1213,1
7835BG000246,690591.301,5335113.352,1214,4
7835BG000248,690622.019,5335095.536,1215,0
7835BG000249,690649.429,5335085.597,1216,0
7835BG000694,690139.428,5334151.979,1217,0
7835BG000695,689969.427,5334302.47,1218,4
7835BG000703,690321.407,5334233.137,1219,0
7835BG000708,691515.796,5334914.24,1220,0
7835BG000828,690196.907,5335423.218,1221,1
7835BG000833,691770.661,5335384.551,1222,4
7835BG000834,691082.742,5335624.918,1223,1
7835BG000844,691395.182,5335748.198,1224,4
7835BG000858,690297.945,5335706.381,1225,3
7835BG001431,691577.039,5334678.441,1226,4
7835BG001433,691518.433,5334667.147,1227,0
7835BG001092,691797.732,5334742.096,1228,4
7835BG001332,690989.997,5334462.383,1229,1
7835BG000250,690743.077,5335045.216,1230,2
7835BG000252,690713.811,5335077.1,1231,2
7835BG000253,690724.661,5335055.506,1232,1
7835BG000255,690764.998,5335022.053,1233,3
7835BG000256,690809.472,5335010.778,1234,2
7835BG000257,690838.437,5335037.929,1235,0
7835BG000259,690856.804,5334977.597,1236,4
7835BG000260,690893.494,5334934.994,1237,2
7835BG000262,690935.697,5334930.636,1238,0
7835BG000263,690841.624,5334904.948,1239,4
7835BG000264,690967.571,5334908.861,1047,4
7835BG000266,691013.772,5334904.659,1241,2
7835BG000267,691049.136,5334896.031,1242,4
7835BG000269,691080.464,5334888.247,588,3
7835BG000270,691114.713,5334882.578,1244,3
7835BG000272,691192.032,5334901.607,1245,2
7835BG000273,691215.264,5334870.488,1246,2
7835BG000274,691276.921,5334854.88,1247,0
7835BG000276,691321.538,5334865.628,1248,3
7835BG000397,690114.835,5335243.877,1249,1
7835BG000398,690294.304,5335209.848,938,3
7835BG000400,690988.361,5334914.677,1251,2
7835BG000401,691089.989,5334900.628,1252,0
7835BG000402,691240.894,5334880.495,1253,0
7835BG000418,690157.258,5335259.544,1254,2
7835BG000419,690293.485,5335230.833,1255,4
7835BG000277,691410.01,5334804.028,1256,0
7835BG000279,691500.841,5334784.554,1257,4
7835BG000280,691526.422,5334744.52,1258,2
7835BG000281,691551.156,5334777.51,1259,1
7835BG000283,691590.532,5334743.018,1260,1
7835BG000719,691746.58,5335078.368,1261,3
7835BG000726,690160.23,5334619.157,1262,2
7835BG000742,691734.872,5335532.273,1263,3
7835BG000877,690874.85,5335284.543,1264,1
7835BG000888,691013.865,5335902.452,1265,2
7835BG001131,691073.456,5335119.156,505,0
7835BG000284,691611.01,5334756.827,1267,2
7835BG000286,691653.15,5334728.448,1268,3
7835BG000291,691899.419,5334623.966,1269,1
7835BG000615,690087.226,5335746.195,1270,4
7835BG000629,691698.544,5334308.885,1271,3
7835BG000631,691269.016,5334211.062,1272,3
7835BG000632,691141.805,5334059.983,1273,2
7835BG000634,691058.108,5334383.977,1274,0
7835BG000773,691390.41,5335075.479,1275,3
7835BG000908,690353.426,5335874.676,1276,1
7835BG000642,691572.87,5334503.139,1277,4
7835BG001155,691093.684,5334754.657,1278,3
7835BG001516,690442.59,5335128.566,1279,1
7835BG001959,691297.263,5335179.93,1280,4
7835BG002092,691784.238,5334472.355,1281,4
7835BG002098,690298.389,5335669.369,1282,0
7835BG002814,691560.641,5334790.891,1283,2
7835BG002815,691574.67,5334790.437,1284,3
7835BG002817,691606.252,5334878.739,1285,1
7835BG002818,691605.926,5334912.753,1498,2
7835BG002819,691604.921,5334784.612,1287,4
7835BG002821,691632.375,5334901.776,1288,2
7835BG002824,691657.605,5334870.735,76,1
7835BG001712,691670.87,5335684.898,1290,3
7835BG001713,691722.949,5335683.928,1291,2
7835BG001715,691831.432,5335648.13,1292,1
7835BG001716,691903.472,5335622.919,1293,4
7835BG001845,690947.957,5335206.332,1294,2
7835BG001847,690925.105,5335176.417,1295,2
7835BG001848,690962.376,5335195.886,1296,4
7835BG001849,690961.508,5335166.829,1297,3
7835BG001005,690881.471,5334371.08,272,4
7835BG002825,691659.667,5334894.834,1299,3
7835BG002826,691676.826,5334865.48,1300,2
7835BG002828,691656.664,5334766.615,407,1
7835BG002829,691672.419,5334773.235,1302,2
7835BG002830,691679.75,5334790.534,1303,0
7835BG002832,691688.081,5334807.873,498,3
7835BG002833,691695.334,5334827.171,846,4
7835BG002834,691701.666,5334844.432,1306,0
7835BG002836,691710.255,5334880.795,1307,4
7835BG002837,691568.529,5334845.241,1308,3
7835BG002838,691570.941,5334860.347,1309,1
7835BG002840,691574.924,5334886.524,1310,4
7835BG002841,691583.06,5334908.858,1311,4
7835BG002843,691604.0,5334782.575,1287,4
7835BG002153,691568.759,5334223.757,1313,4
7835BG001033,690324.382,5334618.556,1314,4
7835BG001043,691149.915,5334544.683,1315,1
7835BG002084,691274.996,5334032.154,1316,4
7835BG002085,691297.799,5334012.027,1317,2
7835BG002087,691284.535,5334018.515,1318,2
7835BG002281,691245.818,5335626.278,1319,1
7835BG004131,690534.542,5335234.234,322,2
7835BG004225,690668.025,5335096.33,1321,2
7835BG004227,690902.498,5335191.548,1322,0
7835BG004228,690942.736,5335058.011,1323,2
7835BG004229,691000.962,5335335.5,1324,3
7835BG004231,691111.116,5335128.632,1325,4
7835BG004232,691144.916,5335237.035,1326,2
7835BG003847,689909.396,5335122.772,1327,3
7835BG003849,691872.333,5335907.931,1328,4
7835BG003852,691798.845,5335636.85,1329,3
7835BG003978,690919.176,5334507.658,1330,3
7835BG003979,690770.589,5334160.591,1331,4
7835BG003981,690661.79,5334076.283,1332,2
7835BG003991,690919.499,5334961.028,1333,2
7835BG003992,690760.484,5334983.847,1334,0
7835BG003993,690812.454,5334626.591,1335,4
7835BG003995,690785.783,5334207.22,1336,1
7835BG004233,691165.311,5335329.904,1337,2
7835BG004235,691360.803,5335372.56,1338,3
7835BG004236,691446.467,5335382.909,1339,2
7835BG004237,691531.781,5335402.25,1340,1
7835BG004239,691303.123,5335491.405,1341,0
7835BG004240,691105.569,5335629.812,1342,4
7835BG004242,690791.597,5334673.815,1343,1
7835BG004243,690531.441,5334800.772,1344,0
7835BG004246,690570.497,5335338.719,1345,3
7835BG004247,690391.198,5334932.408,530,4
7835BG002990,691507.957,5334704.768,399,0
7835BG002991,691538.939,5334628.916,1348,1
7835BG002992,691486.002,5334651.871,1349,1
7835BG002994,691444.959,5334575.21,1350,3
7835BG002995,691405.222,5334567.654,1351,4
7835BG002997,691250.587,5334452.535,1352,3
7835BG002998,691195.476,5334377.327,1353,0
7835BG002999,691093.253,5334355.324,1354,2
7835BG003001,691012.585,5334345.171,1355,1
7835BG003002,690891.074,5334381.463,281,4
7835BG003614,690505.588,5335052.963,1357,1
7835BG003616,690645.968,5335020.411,1358,1
7835BG003617,691066.538,5334911.722,1359,0
7835BG003619,691215.483,5334890.513,1360,2
7835BG003620,691311.311,5334871.234,1361,3
7835BG003621,691399.042,5334828.62,1362,1
7835BG003623,691600.861,5334760.435,1363,2
7835BG003626,691744.722,5334689.988,1364,2
7835BG003627,691825.678,5334667.126,1365,1
7835BG003003,690928.451,5334346.893,1366,3
7835BG003007,690765.618,5334185.417,1367,0
7835BG003008,690720.017,5334148.61,1368,2
7835BG004132,690501.635,5335179.909,1207,2
7835BG004134,690210.228,5334902.329,1370,2
7835BG004135,690288.907,5334963.444,1371,2
7835BG004136,690337.457,5334950.327,1372,3
7835BG004138,690964.486,5334859.702,1373,3
7835BG004139,691126.085,5334821.973,1374,0
7835BG004140,691232.729,5334910.201,1375,2
7835BG004142,691297.014,5334801.621,1376,2
7835BG004143,691377.911,5334882.839,1377,3
7835BG004144,691330.16,5334772.891,1378,2
7835BG004146,691374.923,5334728.601,1379,3
7835BG004147,691521.992,5334832.417,1380,3
7835BG004149,691705.745,5334560.365,1381,4
7835BG004150,691759.326,5334623.504,1382,2
7835BG004151,691759.291,5334547.442,1383,1
7835BG003853,691711.699,5335459.311,1384,1
7835BG003855,691646.853,5335402.738,1385,1
7835BG003856,691574.984,5335397.932,1386,1
7835BG003857,691482.88,5335424.361,1387,4
7835BG003859,691282.158,5335387.506,1388,1
7835BG003860,691218.36,5335381.013,1389,3
7835BG003862,691120.397,5335301.13,1390,0
7835BG003863,691027.221,5335252.459,1391,3
7835BG003996,690685.251,5334116.23,1392,0
7835BG004000,690850.096,5334944.309,1393,0
7835BG004002,690828.839,5334950.485,1394,3
7835BG004003,690816.037,5334611.719,996,0
7835BG004005,690761.776,5334181.264,1367,0
7835BG004006,690747.592,5334185.715,1397,4
7835BG004012,690872.119,5334944.168,1398,1
7835BG004248,691879.509,5335929.228,1399,0
7835BG003864,690992.135,5335177.031,93,4
7835BG003866,690892.241,5335044.031,1401,0
7835BG003867,690907.274,5334966.556,1402,2
7835BG003869,690832.787,5334900.6,1403,0
7835BG003870,690818.826,5334848.014,1404,2
7835BG003873,690813.049,5334662.643,1405,2
7835BG003874,690843.578,5334572.762,1406,2
7835BG003876,690918.507,5334396.544,1407,0
7835BG003877,690905.326,5334323.973,1408,4
7835BG003879,690741.299,5334167.455,1409,4
7835BG003880,690661.854,5334100.305,1410,3
7835BG004013,690779.484,5334958.567,1411,3
7835BG004015,690874.053,5334509.9,1412,3
7835BG004016,690750.175,5334170.804,1413,0
7835BG004017,690739.222,5334169.375,988,0
7835BG004022,690899.255,5334941.223,1415,3
7835BG004023,690731.661,5334978.719,1075,0
7835BG004025,690880.594,5334496.145,1417,2
7835BG004026,690751.189,5334144.823,1418,1
7835BG002926,691897.88,5335996.998,1419,1
7835BG002928,691875.706,5335924.076,1399,0
7835BG002930,691848.668,5335821.94,646,0
7835BG002931,691870.135,5335784.747,1422,0
7835BG002932,691813.22,5335704.464,1423,0
7835BG002937,691767.117,5335398.423,1424,1
7835BG002938,691504.999,5334703.652,399,0
7835BG002940,691457.13,5334596.701,1426,0
7835BG002941,691707.599,5335436.133,1427,0
7835BG003525,690141.343,5335333.982,1428,4
7835BG003526,690034.227,5335334.806,1429,0
7835BG003528,690099.462,5335381.386,1430,0
7835BG003529,690146.208,5335363.194,1431,1
7835BG003531,690118.833,5335449.194,1432,4
7835BG003532,690127.885,5335345.466,1433,2
7835BG004030,690951.841,5334927.263,1434,4
7835BG004032,690853.804,5334567.156,1435,1
7835BG004033,690739.549,5334135.361,1436,0
7835BG004036,690824.587,5334649.082,1437,2
7835BG004037,690860.385,5334552.401,1438,1
7835BG004039,690824.212,5334633.054,1439,1
7835BG004040,690884.694,5334519.323,1440,1
7835BG004042,690837.334,5334604.544,1441,2
7835BG004043,690845.084,5334559.81,1442,3
7835BG004049,690867.55,5334522.657,1443,4
7835BG004050,690713.348,5334114.323,1444,0
7835BG004052,690865.927,5334538.606,1445,1
7835BG004053,690810.261,5334631.509,1446,2
7835BG004055,690823.978,5334639.05,1439,1
7835BG003911,691762.421,5334723.704,1448,0
7835BG003913,691847.984,5334711.03,1449,2
7835BG004056,690826.639,5334622.141,1450,4
7835BG004057,690831.143,5334609.306,1441,2
7835BG004320,691831.295,5335343.882,1452,4
7835BG004321,691759.903,5335378.126,1453,4
7835BG004323,690881.717,5335031.611,1454,4
7835BG004324,691552.985,5335423.094,1455,3
7835BG004325,691537.801,5335427.505,1456,4
7835BG004254,691390.293,5335693.965,1457,1
7835BG002943,691709.437,5335312.106,1458,0
7835BG002944,691737.86,5335276.186,1459,1
7835BG002945,691749.686,5335229.61,1460,3
7835BG002947,691665.488,5335207.309,1461,4
7835BG002948,691695.725,5335227.504,1462,4
7835BG004328,689939.509,5334607.542,1463,4
7835BG004339,691647.892,5335401.777,1385,1
7835BG003533,690111.365,5335332.812,1465,0
7835BG003535,690122.527,5335303.224,1466,3
7835BG003536,690095.016,5335290.141,1467,1
7835BG003538,690114.241,5335412.987,1468,2
7835BG003539,690056.995,5335443.779,1469,0
7835BG004082,691748.038,5335015.375,1470,1
7835BG004084,691889.457,5334981.862,1471,1
7835BG003941,691756.535,5335490.084,1472,2
7835BG003942,690910.784,5335081.784,1473,4
7835BG003944,690996.614,5334934.014,975,2
7835BG003945,690834.547,5334983.734,1475,4
7835BG003946,690827.264,5334811.314,1476,1
7835BG003948,690826.951,5334614.146,1477,4
7835BG003949,690856.129,5334533.22,1478,1
7835BG003951,690903.806,5334362.944,1479,4
7835BG003952,690845.438,5334268.594,1480,1
7835BG003954,690729.79,5334128.976,1481,2
7835BG003955,690635.512,5334057.244,1482,3
7835BG004096,690352.207,5335854.613,1483,0
7835BG004097,690311.681,5335816.002,1484,4
7835BG004340,691522.656,5335430.917,1485,3
7835BG004344,689966.411,5334610.594,1486,3
7835BG004347,691716.13,5335371.414,1487,2
7835BG002968,691734.75,5335202.005,1488,1
7835BG002969,691740.112,5335167.187,1489,3
7835BG002971,691671.279,5335161.499,1490,4
7835BG002972,691676.621,5335024.598,1491,2
7835BG002973,691646.015,5335116.478,1492,3
7835BG002975,691644.849,5335069.395,1493,2
7835BG002976,691617.508,5335026.295,1494,1
7835BG002977,691741.667,5334999.114,1495,4
7835BG002979,691702.168,5334908.502,1496,3
7835BG002980,691630.942,5334989.79,1497,4
7835BG002982,691602.304,5334928.624,1498,2
7835BG002983,691704.079,5334859.538,1499,1
7835BG002984,691593.598,5334895.259,1500,4
7835BG002986,691572.019,5334858.388,1501,3
7835BG002988,691601.099,5334677.378,1502,3
7835BG003968,691708.992,5334733.629,1503,1
7835BG003969,691814.813,5334714.74,1504,4
7835BG003975,690963.326,5334940.721,1505,0
7835BG003976,690793.772,5334977.139,1506,4
7835BG004099,690389.195,5335624.875,1507,3
7835BG004100,690408.391,5335594.599,1508,3
7835BG004101,690389.653,5335561.843,1509,3
7835BG004103,690416.746,5335431.797,1510,0
7835BG004104,690430.155,5335370.271,1511,1
7835BG004105,690450.428,5335338.037,1512,0
7835BG004107,690287.168,5335392.714,1513,4
7835BG004108,690326.427,5335361.22,1514,4
7835BG004109,690459.856,5335250.335,1515,3
7835BG005241,690749.726,5334977.422,1049,1
7835BG005242,690928.279,5335069.456,1517,3
7835BG005243,690699.138,5334991.461,1076,3
7835BG005245,690684.437,5334957.861,1519,4
7835BG005246,690765.48,5334984.042,1334,0
7835BG005247,690670.355,5334985.334,1521,3
7835BG005249,690670.486,5334956.316,655,4
7835BG005250,690731.778,5334975.721,1075,0
7835BG005361,689955.678,5334629.19,590,0
7835BG005363,689947.035,5334619.846,1525,1
7835BG005367,689906.197,5334589.229,1526,1
7835BG005368,689930.243,5334614.186,1527,4
7835BG005369,689934.722,5334576.331,1528,4
7835BG005371,689949.852,5334598.939,1529,1
7835BG005373,689999.748,5334653.927,1530,4
7835BG005375,689993.338,5334638.666,1531,0
7835BG005251,690663.36,5334985.061,1532,3
7835BG005253,690658.909,5334970.876,534,4
7835BG005254,690614.059,5334966.124,1534,4
7835BG005255,690654.42,5334957.691,1535,2
7835BG004399,690504.939,5335043.93,1536,4
7835BG004400,690513.026,5335016.224,1537,0
7835BG005143,690481.273,5334957.94,1538,4
7835BG005145,690409.716,5334945.14,1539,0
7835BG005146,690376.935,5334938.857,1540,1
7835BG005147,690422.824,5334942.649,1541,2
7835BG005149,690369.706,5334944.58,1542,3
7835BG005150,690463.092,5334962.235,1543,1
7835BG005152,690374.274,5334955.767,1544,0
7835BG005153,690363.555,5334948.343,1542,3
7835BG005154,690337.082,5334934.3,1546,3
7835BG005257,690646.879,5334971.407,296,3
7835BG005258,690644.388,5334958.3,1548,4
7835BG005260,690636.004,5334967.981,1549,3
7835BG005261,690631.398,5334957.793,583,1
7835BG005262,690622.053,5334966.436,1551,2
7835BG005264,690620.484,5334955.366,583,1
7835BG005265,690876.082,5335073.424,1553,0
7835BG005266,690607.752,5334973.884,1554,4
7835BG005268,690599.07,5334965.539,1555,0
7835BG005269,690593.762,5334973.338,1556,1
7835BG005270,690590.506,5334954.196,1557,2
7835BG005272,690587.118,5334964.072,535,4
7835BG005273,690583.769,5334972.948,1559,2
7835BG005274,690578.553,5334952.729,1560,3
7835BG005276,690568.741,5334973.362,1561,1
7835BG005277,690949.653,5335060.282,696,2
7835BG005279,690562.019,5334966.095,536,4
7835BG005377,689988.224,5334641.468,1564,2
7835BG005379,689977.739,5334628.049,1565,0
7835BG005383,689961.376,5334611.398,1486,3
7835BG005387,689911.105,5334540.382,1567,1
7835BG005388,689948.8,5334625.919,1525,1
7835BG005390,689947.333,5334637.871,1569,1
7835BG005395,689957.662,5334655.288,1570,2
7835BG005399,689977.905,5334675.092,1571,3
7835BG005403,689967.435,5334635.653,1572,4
7835BG005507,689955.288,5334639.182,1573,4
7835BG005510,689950.72,5334627.996,590,0
7835BG005511,689926.207,5334615.03,1575,1
7835BG005513,691558.02,5335422.289,1455,3
7835BG005514,691520.579,5335432.838,1485,3
7835BG005515,691530.689,5335430.23,1578,3
7835BG005517,691547.872,5335425.897,1127,1
7835BG005518,691669.773,5335379.613,904,0
7835BG005520,691165.979,5335235.856,1581,3
7835BG005521,691233.057,5335286.511,1582,2
7835BG005522,691758.333,5335367.056,1583,0
7835BG005524,691748.004,5335349.639,189,2
7835BG005525,691737.895,5335352.247,1585,3
7835BG005526,691516.163,5335289.552,212,3
7835BG005280,690557.749,5334972.934,1587,2
7835BG005281,690554.454,5334954.791,1588,0
7835BG005283,690709.224,5334963.832,698,3
7835BG005287,690708.288,5334987.815,1590,1
7835BG004175,691875.11,5334657.045,1591,1
7835BG004176,691810.664,5334641.52,1592,2
7835BG004177,691798.619,5334668.071,1593,3
7835BG004180,690503.376,5334263.255,1594,3
7835BG004181,690792.35,5334218.485,1595,1
7835BG004183,691404.963,5334548.629,1596,3
7835BG004184,690478.364,5335006.865,1597,2
7835BG005529,691112.993,5335208.768,692,4
7835BG004190,691721.185,5335677.854,1599,1
7835BG004191,691850.559,5335670.894,1600,3
7835BG005289,690719.436,5334984.246,518,2
7835BG005290,690727.547,5334981.561,1602,1
7835BG005291,690733.582,5334980.795,1603,1
7835BG005295,689976.609,5334657.028,1604,1
7835BG005304,689958.285,5334639.299,1573,4
7835BG005310,689954.951,5334622.156,590,0
7835BG005530,691347.203,5335362.022,1607,3
7835BG005532,691484.011,5335395.382,1608,2
7835BG005533,691533.999,5335422.353,1456,4
7835BG005535,691555.256,5335416.177,1610,3
7835BG005541,691177.283,5335228.291,1611,3
7835BG005548,691226.515,5335300.267,1612,1
7835BG005550,691272.223,5335283.036,1613,1
7835BG005551,691297.8,5335320.062,1614,1
7835BG005552,691630.504,5335360.066,1615,4
7835BG005554,691879.197,5335321.733,1616,4
7835BG005555,691875.668,5335309.585,1617,4
7835BG005313,689989.17,5334668.526,924,1
7835BG004199,691188.651,5334347.037,1619,2
7835BG004201,691415.925,5334395.936,1620,3
7835BG004202,691572.3,5334492.108,1621,4
7835BG004203,691560.007,5334550.676,1622,3
7835BG004205,691730.611,5334769.501,1623,0
7835BG004206,691774.199,5334832.25,1624,4
7835BG004208,690691.189,5334220.543,1625,1
7835BG004209,690800.179,5334376.915,1626,1
7835BG004210,690995.455,5334322.485,1627,2
7835BG004212,691106.237,5334227.729,1628,1
7835BG004213,691053.149,5334177.62,1629,1
7835BG004214,691194.812,5334189.152,1630,4
7835BG004216,691229.637,5334527.777,1631,1
7835BG004217,691343.784,5334603.287,1632,0
7835BG004218,691506.768,5334632.665,1633,1
7835BG005086,690001.445,5335944.006,1634,0
7835BG005087,689964.965,5335955.592,1635,0
7835BG005089,690025.286,5335922.919,522,3
7835BG005090,690081.206,5335926.102,1637,2
7835BG005092,690158.891,5335910.118,1638,0
7835BG005093,690222.663,5335891.591,1639,0
7835BG005094,690281.362,5335874.866,1640,0
7835BG005096,690049.464,5335918.858,1641,2
7835BG005097,690357.165,5335855.807,1483,0
7835BG005098,689968.235,5335948.714,1643,0
7835BG005100,689959.203,5335949.362,1644,2
7835BG005101,689975.698,5335936.996,1645,4
7835BG004220,690525.777,5334894.625,1646,0
7835BG004221,690546.914,5335173.669,1647,1
7835BG004222,690621.78,5334973.43,1648,1
7835BG004224,690659.87,5335177.076,1649,0
7835BG005322,689993.167,5334668.682,1650,4
7835BG005442,689996.891,5334675.833,1651,3
7835BG005443,690011.037,5334672.382,1652,3
7835BG005446,689983.111,5334644.271,1564,2
7835BG005448,689968.083,5334644.686,1654,2
7835BG005458,690000.616,5334682.984,1655,0
7835BG005459,690002.77,5334679.065,1656,3
7835BG005562,691701.75,5335380.861,525,3
7835BG004367,690528.912,5334993.826,1658,1
7835BG004369,690510.316,5334983.092,1659,3
7835BG004370,690493.07,5334963.404,1660,3
7835BG004372,690708.627,5334517.457,957,2
7835BG004373,690884.177,5334481.273,1051,3
7835BG004374,690536.653,5335103.214,1663,4
7835BG004383,690537.647,5334975.152,1664,1
7835BG004384,690576.024,5335350.944,1665,2
7835BG004385,690540.391,5335084.345,1666,3
7835BG004389,691147.636,5334218.336,1667,4
7835BG004391,691252.808,5334190.414,1668,0
7835BG004392,691017.688,5334291.328,1669,2
7835BG004393,690507.946,5334889.926,1670,4
7835BG004395,690530.877,5335123.004,1671,1
7835BG005102,690008.104,5335927.252,1672,2
7835BG005104,690053.539,5335917.016,1673,0
7835BG007030,690536.867,5335200.298,326,1
7835BG007032,690542.366,5335264.563,1675,4
7835BG007033,690628.366,5335497.1,1676,2
7835BG007034,690628.678,5335489.106,1677,2
7835BG007036,690603.897,5335406.074,1678,3
7835BG007159,690530.754,5334792.739,1679,2
7835BG007160,690513.718,5334947.197,1680,0
7835BG007161,690933.794,5334415.155,907,3
7835BG007163,690920.218,5334429.637,273,0
7835BG007164,690909.836,5334439.24,1683,1
7835BG007165,690883.231,5334454.214,1684,1
7835BG007167,690864.737,5334466.503,1685,0
7835BG007168,690853.394,5334475.068,221,3
7835BG007170,690794.228,5334503.784,1687,1
7835BG007171,690760.862,5334512.49,1688,0
7835BG007172,690733.258,5334527.425,1689,2
7835BG007174,690661.282,5334576.658,1690,4
7835BG007175,690657.441,5334572.505,946,2
7835BG007176,690634.17,5334604.623,1692,3
7835BG007178,690616.325,5334625.944,1693,3
7835BG007179,690598.167,5334655.259,1694,3
7835BG007180,690571.884,5334713.28,1695,0
7835BG007182,690542.574,5334823.224,295,0
7835BG007183,690536.057,5334862.0,1697,1
7835BG007184,690532.655,5334897.896,1698,1
7835BG007186,690784.952,5334459.387,1699,1
7835BG006465,691027.666,5334317.737,1700,4
7835BG006466,691008.021,5334256.924,346,0
7835BG006467,691054.314,5334224.703,1702,0
7835BG006469,691198.55,5334170.283,1703,0
7835BG006470,691152.725,5334190.512,1140,3
7835BG006472,691348.708,5334041.034,1161,3
7835BG006591,691052.16,5334228.622,1702,0
7835BG006592,690911.527,5334370.251,1707,2
7835BG006593,690926.633,5334367.838,1708,1
7835BG006595,690943.44,5334347.477,1709,1
7835BG006596,690957.093,5334330.997,725,3
7835BG006598,690990.474,5334296.271,279,1
7835BG006599,690993.744,5334289.393,1712,4
7835BG006600,691001.48,5334270.679,1713,3
7835BG006602,691022.699,5334265.503,1714,0
7835BG006603,691033.042,5334256.899,291,0
7835BG006604,691042.348,5334249.256,1716,2
7835BG007037,690579.661,5335309.053,1717,2
7835BG007038,690559.392,5335264.227,324,3
7835BG007040,690652.256,5335526.054,1719,4
7835BG007041,690534.649,5335180.196,1720,0
7835BG007042,690533.236,5335165.129,1721,3
7835BG007044,690697.877,5335664.943,1722,4
7835BG007045,690640.592,5335491.572,1723,0
7835BG007047,690639.963,5335584.621,1141,0
7835BG007048,690586.266,5335524.48,1725,4
7835BG007049,690668.054,5335659.776,1726,2
7835BG007051,690572.7,5335590.003,1727,1
7835BG007052,690611.433,5335469.418,1728,4
7835BG007053,690598.851,5335560.999,1729,1
7835BG007055,690538.379,5335315.448,1730,1
7835BG007056,690526.48,5335697.285,1731,3
7835BG007057,690526.558,5335284.963,1732,0
7835BG007059,690484.418,5335723.665,1733,3
7835BG006473,691382.956,5334035.365,1734,4
7835BG006474,691211.697,5334166.792,300,3
7835BG006476,691260.87,5334137.686,1736,4
7835BG006477,691299.428,5334124.179,1737,1
7835BG006478,691065.306,5334225.132,1738,2
7835BG006480,691091.911,5334210.157,1739,3
7835BG006481,691097.063,5334206.355,1740,1
7835BG006482,691110.249,5334201.865,299,1
7835BG006484,691128.509,5334195.572,1130,2
7835BG006485,691138.657,5334191.965,1743,4
7835BG006487,691070.03,5334232.321,293,4
7835BG006488,691084.253,5334226.872,1745,3
7835BG006489,691094.441,5334222.265,1746,3
7835BG006491,691114.816,5334213.052,1747,1
7835BG006492,691126.925,5334210.522,1748,1
7835BG006496,691174.826,5334188.372,1749,1
7835BG006606,691060.841,5334236.967,1750,2
7835BG007187,690764.537,5334469.599,1751,4
7835BG007188,690743.085,5334480.772,1752,3
7835BG007190,690652.771,5334538.296,1753,0
7835BG007191,690631.162,5334553.465,1754,3
7835BG007192,690590.124,5334604.906,1755,1
7835BG007194,690530.397,5334673.631,1756,4
7835BG007060,690512.417,5335211.354,1757,4
7835BG007061,690501.518,5335182.906,1207,2
7835BG007063,690702.259,5335732.166,1759,3
7835BG007064,690704.579,5335775.291,1760,4
7835BG007066,690702.77,5335847.277,1761,1
7835BG007195,690528.696,5334691.579,1762,3
7835BG007197,690522.165,5334756.376,1763,2
7835BG007198,690502.072,5334809.634,1764,3
7835BG007199,690501.59,5334847.645,1765,3
7835BG007201,690489.141,5334910.209,1766,4
7835BG007202,690487.62,5334949.181,1767,3
7835BG007203,690779.175,5334479.177,1768,1
7835BG007205,690702.437,5334522.219,914,2
7835BG007206,690701.359,5334524.179,914,2
7835BG007210,690566.41,5334674.036,1771,4
7835BG006497,690996.894,5334362.573,1772,3
7835BG006499,691010.445,5334323.07,1773,0
7835BG006500,691037.049,5334308.096,1774,2
7835BG006502,691049.431,5334298.571,1775,4
7835BG006503,691056.128,5334280.818,662,2
7835BG006504,691063.279,5334277.094,1777,4
7835BG006506,691083.006,5334258.848,1778,1
7835BG006507,691092.311,5334251.205,1779,0
7835BG006508,691099.579,5334244.483,1780,2
7835BG006510,691119.267,5334227.237,1781,4
7835BG006511,691129.494,5334221.631,1782,1
7835BG006512,691134.841,5334212.833,1109,1
7835BG006514,691167.183,5334179.067,1784,1
7835BG006515,691189.791,5334163.936,1785,4
7835BG006517,691204.663,5334167.519,300,3
7835BG006518,691209.245,5334152.686,1787,1
7835BG006519,691220.042,5334158.111,1788,2
7835BG006521,691235.616,5334143.707,1789,1
7835BG006522,691238.121,5334130.794,1790,0
7835BG006523,691248.465,5334122.191,1791,1
7835BG006525,691266.997,5334108.903,1792,1
7835BG006526,691278.028,5334108.332,1793,0
7835BG006527,691283.571,5334094.537,1794,3
7835BG006529,691302.791,5334089.282,1795,2
7835BG006530,691318.17,5334079.874,1796,0
7835BG006532,691333.017,5334058.436,1797,3
7835BG006533,691341.011,5334058.748,1798,0
7835BG006534,691342.284,5334051.792,1798,0
7835BG006536,691366.968,5334034.741,1800,2
7835BG006537,690976.557,5334370.787,1801,4
7835BG006538,690985.512,5334372.137,1802,0
7835BG006540,691029.275,5334327.808,1803,0
7835BG006541,691036.776,5334315.091,1804,4
7835BG006542,691054.154,5334305.761,1805,4
7835BG006544,691073.038,5334283.479,1806,0
7835BG006545,691081.344,5334275.797,1807,4
7835BG006547,691106.184,5334254.749,1808,2
7835BG006548,691115.567,5334245.107,1128,1
7835BG006549,691125.794,5334239.501,1810,3
7835BG006551,691142.484,5334222.138,1811,3
7835BG006552,691150.673,5334217.454,1812,1
7835BG006553,691162.094,5334206.89,1813,1
7835BG006555,691179.472,5334197.561,1814,0
7835BG006556,691189.815,5334188.957,1630,4
7835BG007127,690539.202,5335012.241,1816,4
7835BG007128,690545.792,5335048.527,1165,0
7835BG007129,690540.508,5335081.347,1666,3
7835BG007131,690496.404,5334980.548,1819,2
7835BG006999,690646.69,5335514.828,1027,2
7835BG007000,690621.474,5335519.849,1021,2
7835BG007001,690616.258,5335499.63,1822,1
7835BG007003,690685.7,5335720.512,1823,2
7835BG007132,690498.217,5335036.663,1824,4
7835BG007133,690499.655,5335076.75,1825,2
7835BG007135,690496.355,5335135.668,1058,0
7835BG007136,690516.692,5335127.454,879,2
7835BG007137,690533.659,5334820.875,1828,2
7835BG007139,690920.491,5334422.642,273,0
7835BG007140,690910.226,5334429.247,284,4
7835BG007145,690921.88,5334412.688,1831,1
7835BG007146,690914.613,5334419.41,1832,0
7835BG007148,690883.66,5334443.222,1833,2
7835BG007149,690872.512,5334446.791,1834,0
7835BG007151,690826.609,5334469.019,1835,1
7835BG007152,690743.109,5334505.792,1836,0
7835BG007153,690707.511,5334520.416,914,2
7835BG007155,690702.164,5334529.214,914,2
7835BG007156,690661.983,5334558.671,1839,4
7835BG007157,690638.026,5334582.756,1840,4
7835BG006557,691210.463,5334172.749,300,3
7835BG006562,691253.149,5334130.38,1842,1
7835BG006563,691264.141,5334130.809,1736,4
7835BG006565,691279.676,5334117.404,1844,2
7835BG006566,691286.905,5334111.681,309,2
7835BG006567,691292.33,5334100.884,1846,0
7835BG006569,691312.627,5334093.669,1847,0
7835BG006458,691232.072,5334157.58,1091,1
7835BG006459,691227.349,5334150.39,1788,2
7835BG006461,691209.854,5334162.717,300,3
7835BG006462,691295.484,5334097.004,1851,4
7835BG006463,691355.884,5334062.331,308,1
7835BG006570,691321.816,5334089.024,667,4
7835BG006572,691343.346,5334075.853,1854,0
7835BG006573,691353.69,5334067.249,308,1
7835BG006574,691364.19,5334054.648,1856,3
7835BG006576,690902.845,5334361.906,1479,4
7835BG006577,690919.185,5334353.537,1858,2
7835BG006578,690916.733,5334339.43,1859,2
7835BG006580,690950.254,5334326.727,1860,1
7835BG006581,690964.337,5334299.254,1861,1
7835BG006583,690992.136,5334279.322,1862,2
7835BG006584,690997.678,5334265.527,1863,2
7835BG006585,691006.023,5334256.846,346,0
7835BG006587,691026.242,5334251.63,1865,1
7835BG006588,691036.094,5334229.997,1866,3
7835BG006589,691045.93,5334234.384,1867,3
7835BG007004,690709.643,5335722.447,1868,4
7835BG007006,690709.502,5335700.424,1148,0
7835BG007007,690615.961,5335481.604,1870,2
7835BG007008,690622.385,5335470.846,1871,4
7835BG007010,690614.094,5335452.508,1872,4
7835BG007011,690366.353,5335851.162,1873,4
7835BG007012,690379.617,5335844.674,1874,3
7835BG007014,690376.477,5335822.534,1875,0
7835BG007015,690388.625,5335819.005,1876,3
7835BG007016,690611.486,5335442.399,1877,3
7835BG007018,690595.045,5335427.746,1878,4
7835BG007022,690526.343,5335187.878,269,4
7835BG007023,690525.086,5335168.814,1880,1
7835BG007025,690711.12,5335761.535,1881,2
7835BG007026,690699.207,5335759.069,1882,2
7835BG007027,690696.989,5335738.966,1883,3
7835BG007029,690537.111,5335245.343,325,4
7835BG007532,691200.12,5334181.353,1885,3
7835BG007067,690689.165,5335913.799,1886,4
7835BG007068,690680.845,5335947.501,1887,2
7835BG007075,690517.935,5335172.538,1888,1
7835BG007076,690549.95,5335172.787,1647,1
7835BG007078,690650.804,5335511.986,741,4
7835BG007079,690643.77,5335512.713,1027,2
7835BG007083,690681.211,5335707.326,1892,0
7835BG007085,690522.477,5334953.543,1893,4
7835BG007086,690506.397,5334980.938,1894,3
7835BG007087,690507.537,5335003.0,1895,1
7835BG007089,690508.624,5335052.081,1357,1
7835BG007090,690512.685,5335076.258,1897,0
7835BG007091,690513.616,5335129.336,879,2
7835BG007093,690525.563,5335002.702,1899,3
7835BG007094,690526.587,5335027.762,1900,1
7835BG007095,690528.688,5335050.862,1901,3
7835BG007097,690532.836,5335124.081,1671,1
7835BG007098,690505.451,5334953.879,1903,4
7835BG007100,690500.986,5334965.715,1904,1
7835BG007101,690513.358,5335110.311,1905,2
7835BG007102,690510.623,5335052.159,1906,2
7835BG007104,690524.461,5334979.641,1032,0
7835BG007105,690538.797,5335048.254,1082,3
7835BG007106,690503.818,5335123.95,1909,4
7835BG007108,690534.522,5334926.992,1910,2
7835BG007109,690541.386,5334956.282,1911,3
7835BG007110,690535.96,5334967.079,1912,4
7835BG007112,690534.907,5334994.06,444,2
7835BG007113,690537.189,5335038.183,1914,4
7835BG007114,690543.067,5335041.415,1165,0
7835BG007116,690543.56,5335054.445,1916,2
7835BG007117,690537.525,5335055.21,1917,2
7835BG007118,690478.042,5334963.819,1918,0
7835BG007120,690487.41,5334980.197,1083,1
7835BG007121,690496.014,5334990.54,1123,3
7835BG007123,690482.166,5335012.017,1921,1
7835BG007124,690494.995,5335093.582,1922,2
7835BG007125,690492.982,5335119.524,906,1
7835BG007514,691595.952,5334809.282,1924,2
7835BG007516,691640.466,5334797.008,1925,2
7835BG007517,691651.6,5334819.46,1926,1
7835BG007518,691668.768,5334841.146,1927,2
7835BG007524,690626.426,5334982.619,1928,1
7835BG007525,691761.448,5335364.175,1929,2
7835BG007531,691179.486,5334171.541,1930,4
7835BG003994,690897.036,5334510.797,1931,0
7835BG004098,690365.997,5335732.054,1932,0
7835BG007080,690645.495,5335519.786,1027,2
7835BG006543,691059.774,5334289.967,662,2
7835BG007526,691728.823,5335353.895,1935,0
7835BG007550,690498.744,5335125.753,1936,2
7835BG007546,689957.122,5335618.021,1937,2
7835BG007540,690108.318,5335898.137,1938,1
7835BG015971,690794.912,5334999.201,249,1
7835BG015973,691741.243,5335343.371,189,2
7835BG015109,690015.289,5335589.267,1941,3
7835BG015103,690611.686,5335360.342,1942,4
7835BG015125,690109.352,5335769.076,1943,3
7835BG015033,691387.491,5335483.689,1944,3
7835BG015164,690247.58,5335394.023,1945,2
7835BG015024,690982.805,5335775.14,1946,4
7835BG015240,690459.416,5334799.964,1947,3
7835BG015393,690079.447,5335227.485,1948,4
7835BG015124,690188.255,5335773.156,1949,3
7835BG015243,691607.184,5335957.631,1950,0
7835BG015081,690916.042,5334613.619,1951,2
7835BG015231,691897.261,5335115.273,1952,1
7835BG016889,691015.601,5334242.207,1099,4
7835BG015551,691697.08,5335551.814,1954,0
7835BG015462,690527.396,5334058.03,1955,1
7835BG015588,691897.72,5335872.893,1956,1
7835BG015574,690591.496,5334210.649,1957,0
7835BG015575,690620.305,5334241.797,1958,2
7835BG015576,690480.407,5334236.338,1959,4
7835BG015573,690540.753,5334228.685,1960,0
7835BG015972,690794.912,5334999.201,249,1
7835BG015585,691897.72,5335872.893,1956,1
7835BG015578,690491.18,5334216.743,1963,3
7835BG015567,691346.509,5334610.399,1964,0
7835BG015584,691897.72,5335872.893,1956,1
7835BG015566,691086.651,5335370.869,1966,2
7835BG015586,691897.72,5335872.893,1956,1
7835BG015587,691897.72,5335872.893,1956,1
7835BG015569,691326.913,5334599.627,1969,1
7835BG015508,690513.558,5335438.577,1970,0
7835BG015580,691850.876,5335791.001,1971,2
7835BG015565,691066.276,5335380.082,1972,0
7835BG015499,690736.852,5334076.21,1973,4
7835BG015581,691897.72,5335872.893,1956,1
7835BG015577,690519.988,5334247.891,1975,2
7835BG015582,691897.72,5335872.893,1956,1
7835BG015568,691367.274,5334591.194,1977,1
7835BG015583,691897.72,5335872.893,1956,1
7835BG015976,691556.022,5335217.049,264,1
7835BG008624,691732.6,5334923.701,1980,3
7835BG017003,691750.728,5334946.425,1981,2
7835BG015563,691063.936,5335440.038,1982,0
7835BG015564,691046.29,5335379.302,1983,1
7835BG015579,691847.561,5335875.94,1984,3
7835BG015552,691717.222,5335548.597,1985,2
7835BG016940,690071.511,5335123.093,1986,3
7835BG016942,690305.246,5334955.075,1987,4
7835BG015553,691727.502,5335515.972,1988,1
7835BG015500,690748.015,5334046.621,1989,4
7835BG015507,690461.645,5335486.591,1990,2
7835BG015550,691687.117,5335499.384,1991,0
7835BG015501,690767.22,5334067.387,1992,4
7835BG015464,691444.341,5335950.276,1993,2
7835BG015549,691707.297,5335495.168,1994,4
7835BG016965,690888.41,5335090.919,1995,2
7835BG016964,690305.246,5334955.075,1987,4
7835BG015465,691446.291,5335900.312,1997,0
7835BG015463,691897.72,5335872.893,1956,1
7835BG015788,690430.673,5334305.454,1999,2
7835BG016941,690071.511,5335123.093,1986,3
7835BG015772,690220.0,5335744.0,2001,2
7835BG015889,691252.846,5334881.963,605,2
7835BG016165,690696.711,5334104.667,931,2
7835BG015948,691894.288,5335345.34,550,1
7835BG015962,690331.955,5334270.578,2005,1
7835BG015877,691409.447,5334433.713,2006,2
7835BG016885,690931.941,5334360.039,2007,3
7835BG016886,690931.941,5334360.039,2007,3
7835BG015902,690699.343,5334832.343,616,1
7835BG015903,690699.343,5334832.343,616,1
7835BG015954,690424.003,5334963.712,714,0
7835BG015925,690130.565,5335635.798,2012,0
7835BG015890,691342.278,5334821.401,624,2
7835BG016891,691015.601,5334242.207,1099,4
7835BG015893,691749.499,5334670.158,625,1
7835BG015950,691802.34,5335367.773,559,3
7835BG015891,691395.225,5334849.488,606,4
7835BG016170,691077.024,5335335.466,438,4
7835BG015885,690859.718,5334851.611,571,1
7835BG016256,691002.407,5334400.818,2020,3
7835BG016538,691654.491,5334873.615,76,1
7835BG016252,690558.407,5335033.007,260,0
7835BG015892,691749.499,5334670.158,625,1
7835BG015741,689912.0,5335883.0,2024,3
7835BG016994,691527.1,5334906.675,2025,1
7835BG016991,690888.41,5335090.919,1995,2
7835BG015886,690917.69,5334827.853,572,1
7835BG015888,691170.141,5334872.731,604,4
7835BG015904,690782.252,5334682.458,596,3
7835BG015905,690714.559,5334493.67,597,1
7835BG015956,690020.767,5334730.807,586,2
7835BG015955,690020.767,5334730.807,586,2
7835BG016253,690601.751,5335050.71,637,3
7835BG016993,691527.1,5334906.675,2025,1
7835BG017002,691750.728,5334946.425,1981,2
7835BG015957,689926.314,5334560.992,593,3
7835BG016273,690720.869,5335922.042,777,2
7835BG015952,691636.51,5335411.341,562,3
7835BG016251,690484.34,5335110.179,257,2
7835BG016892,691044.785,5334289.382,2040,3
7835BG015951,691734.102,5335398.136,689,4
7835BG015953,690972.217,5335123.212,556,4
7835BG016294,690848.287,5334605.972,834,2
7835BG016271,690720.869,5335922.042,777,2
7835BG016893,691044.785,5334289.382,2040,3
7835BG015949,691894.288,5335345.34,550,1
7835BG016537,691654.491,5334873.615,76,1
7835BG016254,690817.192,5334607.761,657,1
7835BG015901,690991.114,5334664.586,607,2
7835BG016258,690602.413,5334623.4,290,3
7835BG016888,690967.266,5334352.41,1136,2
7835BG016023,691033.183,5335586.955,2052,1
7835BG016260,690672.171,5334554.065,302,0
7835BG016268,690697.808,5335717.982,769,2
7835BG016887,690967.266,5334352.41,1136,2
7835BG016272,690720.869,5335922.042,777,2
7835BG016255,690853.546,5334548.131,658,1
7835BG016257,691042.924,5334388.388,278,2
7835BG016894,690925.574,5334266.717,2059,3
7835BG016539,691732.6,5334923.701,1980,3
7835BG016904,690071.511,5335123.093,1986,3
7835BG016902,689938.121,5335232.979,2062,4
7835BG016753,690243.833,5335220.889,2063,3
7835BG016793,691844.991,5334839.015,424,3
7835BG016655,691576.186,5334828.527,798,3
7835BG017092,689938.512,5335233.224,2062,4
7835BG017004,691750.728,5334946.425,1981,2
7835BG016903,689938.121,5335232.979,2062,4
7835BG017099,690441.387,5335009.355,2069,2
7835BG016800,691015.003,5334488.379,271,0
7835BG017180,690372.325,5335048.283,2071,4
7835BG017093,689938.512,5335233.224,2062,4
7835BG016844,691457.649,5335045.077,265,0
7835BG017147,689951.601,5335173.508,2074,4
7835BG017107,691603.253,5334919.955,1498,2
7835BG017105,691603.253,5334919.955,1498,2
7835BG016901,689938.121,5335232.979,2062,4
7835BG017102,691419.77,5334950.415,2078,1
7835BG017114,691637.767,5334971.341,2079,2
7835BG017112,691637.767,5334971.341,2079,2
7835BG017116,691708.446,5334914.341,2081,3
7835BG016966,690888.41,5335090.919,1995,2
7835BG016992,691527.1,5334906.675,2025,1
7835BG017148,690984.468,5335075.742,2084,2
7835BG017104,691419.77,5334950.415,2078,1
7835BG017457,691272.746,5334998.04,2086,4
7835BG017101,690984.468,5335075.742,2084,2
7835BG017324,690301.263,5334561.39,2088,0
7835BG017095,689951.601,5335173.508,2074,4
7835BG017466,690441.387,5335009.355,2069,2
7835BG017323,690295.946,5334541.457,2091,2
7835BG017094,689951.601,5335173.508,2074,4
7835BG017347,690120.492,5335603.63,2093,3
7835BG017097,690441.387,5335009.355,2069,2
7835BG017096,689987.295,5335245.926,613,0
7835BG017098,690441.387,5335009.355,2069,2
7835BG017106,691603.253,5334919.955,1498,2
7835BG017103,691419.77,5334950.415,2078,1
7835BG017146,689938.512,5335233.224,2062,4
7835BG017348,690057.513,5335629.765,2100,1
7835BG017113,691637.767,5334971.341,2079,2
7835BG017377,689931.94,5334878.46,2102,4
7835BG017100,690984.468,5335075.742,2084,2
7835BG015115,691891.309,5334831.815,2104,3
7835BG009289,691212.247,5335383.777,1389,3
7835BG010186,690152.002,5334830.002,2106,1
7835BG017464,689981.838,5335120.585,2107,1
7835BG017471,690411.27,5335088.954,2108,3
7835BG017346,690127.257,5335661.089,2109,4
7835BG017115,691708.446,5334914.341,2081,3
7835BG017468,690329.373,5335051.831,2111,0
7835BG017463,690066.106,5335123.873,2112,4
7835BG017652,691272.69,5335221.585,2113,3
7835BG017117,691708.446,5334914.341,2081,3
7835BG017614,690896.94,5334821.038,2115,4
7835BG017613,690895.214,5334813.965,2116,4
7835BG017612,690929.384,5334810.295,2117,2
7835BG017325,690316.094,5334544.225,2118,4
7835BG017458,691272.746,5334998.04,2086,4
7835BG017459,691272.746,5334998.04,2086,4
7835BG017651,691248.784,5335223.565,2121,2
7835BG017793,690078.186,5334375.467,2122,1
7835BG017794,690112.924,5334397.759,2123,4
7835BG010646,691002.407,5334400.818,2020,3
7835BG008651,691605.141,5335009.799,2125,0
7835BG017469,690329.373,5335051.831,2111,0
7835BG017465,690441.387,5335009.355,2069,2
7835BG017467,690441.387,5335009.355,2069,2
7835BG017653,691274.669,5335204.979,2129,0
7835BG017637,691582.128,5334855.78,455,4
7835BG010608,690424.989,5335400.093,2131,4
7835BG009279,691229.557,5335222.324,2132,3
7835BG017638,691582.128,5334855.78,455,4
7835BG010147,691796.116,5335501.636,2134,0
7835BG010184,691040.777,5335135.895,2135,1
7835BG017991,690305.147,5334974.816,2136,0
7835BG017990,690296.376,5334985.433,2137,4
7835BG017657,691530.848,5335577.453,2138,3
7835BG017658,691601.534,5335560.276,2139,0
7835BG017585,690618.674,5335710.6,2140,0
7835BG017631,690868.688,5335032.103,2141,3
7835BG017630,690886.143,5335020.775,2142,3
7835BG017629,690741.473,5334958.085,2143,2
7835BG017628,690821.346,5334809.082,2144,4
7835BG017627,690867.844,5334822.905,2145,1
7835BG017624,690909.413,5334783.495,2146,2
7835BG017625,690828.848,5334796.364,2147,1
7835BG017626,690815.584,5334802.852,2148,4
7835BG010617,690540.586,5335079.348,2149,1
7835BG017623,690808.37,5334782.555,2150,4
7835BG017622,690847.815,5334900.186,1239,4
7835BG017620,690845.144,5334866.054,2152,1
7835BG017619,690838.217,5334812.742,2153,0
7835BG017618,690839.153,5334788.76,2154,4
7835BG017616,690932.811,5334799.42,2155,2
7835BG017617,690879.148,5334815.34,2156,1
7835BG010663,690524.081,5334835.513,2157,3
7835BG011951,690351.296,5335698.455,2158,0
7835BG010178,690681.166,5334964.739,1078,3
7835BG010142,691179.033,5335260.384,2160,3
7835BG010187,690702.541,5334955.565,2161,1
7835BG011063,690815.663,5335211.177,2162,0
7835BG018209,690298.717,5334523.329,2163,4
7835BG018208,690297.472,5334497.493,2164,0
7835BG015104,690676.068,5335762.169,2165,3
7835BG018276,691434.892,5334030.965,2166,4
7835BG018051,691661.847,5334906.419,2167,1
7835BG018278,691509.237,5334028.617,2168,2
7835BG018207,690273.815,5334460.452,2169,0
7835BG018277,691469.586,5334067.485,2170,0
7835BG018845,689940.71,5335756.49,2171,3
7835BG018886,690786.219,5334998.98,2172,4
7835BG007739,690175.571,5335226.232,2173,4
7835BG018864,691549.482,5334538.256,2174,1
7835BG018943,690217.649,5335774.774,2175,3
7835BG009106,690455.488,5335567.414,2176,1
7835BG018944,690184.0,5335767.0,2177,1
7835BG018888,690200.519,5335766.629,2178,2
