lag,avsepdist,svargval,npairs,meantail,meanhead,tailheadvar
1,0.0,0.00016,63674,0.54287,0.54297,
2,1.742,0.03382,207,0.69565,0.657,
3,5.385,0.06889,2359,0.67444,0.68588,
4,10.264,0.06815,3874,0.72767,0.70599,
5,15.69,0.08181,14894,0.66013,0.64946,
6,20.12,0.08662,23304,0.64727,0.65512,
7,25.005,0.08902,26673,0.66783,0.68009,
8,30.151,0.1029,37454,0.65259,0.63689,
9,34.963,0.1029,48219,0.65306,0.63595,
10,39.948,0.10664,47902,0.65047,0.6401,
11,45.07,0.10978,50521,0.64787,0.64866,
12,49.973,0.10569,51712,0.65238,0.65708,
13,55.11,0.11892,58128,0.64654,0.64263,
14,60.013,0.10661,55620,0.66679,0.66235,
15,65.018,0.10868,51361,0.648,0.6577,
16,70.009,0.11252,48733,0.6486,0.64853,
17,74.957,0.11848,51219,0.64377,0.63535,
18,79.961,0.11824,44055,0.65713,0.657,
19,85.017,0.12336,43814,0.64112,0.65189,
20,89.931,0.11952,45992,0.65444,0.66122,
21,94.934,0.12094,45424,0.64387,0.65168,
22,100.011,0.13024,38275,0.65531,0.63707,
23,104.936,0.12246,41721,0.65375,0.64061,
24,109.892,0.12377,35777,0.68044,0.65411,
25,114.85,0.12772,40085,0.64338,0.63138,
26,119.708,0.12169,36034,0.64728,0.63984,
27,125.151,0.1163,31035,0.65304,0.67466,
28,129.962,0.12498,39837,0.66313,0.65675,
29,134.793,0.1309,34450,0.68462,0.65788,
30,140.151,0.12304,32572,0.6493,0.65836,
31,145.24,0.11636,31183,0.63506,0.65959,
32,150.071,0.11274,28206,0.69102,0.68329,
